relative_path,line,finding_type,review_status,evidence
configs/dashboard_disclaimers.yaml,1,will_fail,RESOLVED_GOVERNANCE_CONTEXT,"{""bank_detail"":""An elevated ranking indicates stronger public-data risk indicators relative to peers. It does not mean that the institution will fail."",""configuration_hash"":""e0a0191ad707ba07586be1c87123ef56265b886c7f72dded22b62cd33dc31486"","
configs/dashboard_disclaimers.yaml,1,official_camels,RESOLVED_GOVERNANCE_CONTEXT,"{""bank_detail"":""An elevated ranking indicates stronger public-data risk indicators relative to peers. It does not mean that the institution will fail."",""configuration_hash"":""e0a0191ad707ba07586be1c87123ef56265b886c7f72dded22b62cd33dc31486"","
configs/dashboard_risk_tiers.yaml,1,will_fail,RESOLVED_GOVERNANCE_CONTEXT,"{""configuration_hash"":""b27662cceb5e3a648413c95ce8dd102cf6c190ebd173c63c02adf1b1f091314a"",""limitations"":""Tiers are relative same-quarter rankings and do not represent calibrated event likelihoods."",""percentile_scale"":""0_to_100_same_quarter"","
configs/dashboard_risk_tiers.yaml,1,likely_to_fail,RESOLVED_GOVERNANCE_CONTEXT,"{""configuration_hash"":""b27662cceb5e3a648413c95ce8dd102cf6c190ebd173c63c02adf1b1f091314a"",""limitations"":""Tiers are relative same-quarter rankings and do not represent calibrated event likelihoods."",""percentile_scale"":""0_to_100_same_quarter"","
configs/dashboard_risk_tiers.yaml,1,regulatory_grade,RESOLVED_GOVERNANCE_CONTEXT,"{""configuration_hash"":""b27662cceb5e3a648413c95ce8dd102cf6c190ebd173c63c02adf1b1f091314a"",""limitations"":""Tiers are relative same-quarter rankings and do not represent calibrated event likelihoods."",""percentile_scale"":""0_to_100_same_quarter"","
configs/risk_features.yaml,1,official_camels,RESOLVED_GOVERNANCE_CONTEXT,"{""build_timestamp"":""2026-07-16T23:03:47Z"",""configuration_hash"":""72ccca9901bb8e9198b340e5b2296d5231c76cb5500d327dd87a03bb3eecc0a0"",""expected_rows"":698804,""features"":[{""allowed_downstream_use"":""Descriptive risk analysis and later controlled m"
CONTRIBUTING.md,11,official_camels,RESOLVED_GOVERNANCE_CONTEXT,"Do not alter frozen metrics, reopen the governed locked test, relabel mergers as failures, call indicators official CAMELS ratings, or present rankings as calibrated failure probabilities. Security concerns should not include live secrets o"
docs/DEMO_MODE_GUIDE.md,12,failure_probability,RESOLVED_GOVERNANCE_CONTEXT,"Every page displays a demonstration banner. Institution names, identifiers, states, rankings, histories, peers, drivers, quality flags, and case studies are deterministic synthetic examples. The Model Validation page uses frozen aggregate h"
docs/LABEL_DEVELOPMENT_PROTOCOL.md,28,official_camels,RESOLVED_GOVERNANCE_CONTEXT,Research deterioration outcomes use only future Phase 3 features as outcome evidence. They never enter the predictor feature table. Broad Phase 3 screening flags were rejected for the primary definition after a pre-modelling prevalence chec
docs/MODEL_CARD.md,18,failure_probability,RESOLVED_GOVERNANCE_CONTEXT,"No official supervision, CAMELS rating, calibrated failure probability, depositor decision, public accusation, trading or lending recommendation, enforcement action, or automated adverse decision."
docs/MODEL_CARD.md,42,precision_misstatement,RESOLVED_GOVERNANCE_CONTEXT,"PR-AUC is an area across thresholds, not 14.8% precision. At the top-5% budget there were 5,670 bank-quarter alerts and 5,637 false-alert rows under the frozen label definition."
docs/PHASE0_COMPLETION_REPORT.md,70,official_camels,RESOLVED_GOVERNANCE_CONTEXT,- Official CAMELS claim made: **no**; only “public-data CAMELS-style risk indicator framework” is used.
docs/PHASE2_SQL_MODEL_READINESS.md,59,official_camels,RESOLVED_GOVERNANCE_CONTEXT,- Do not call later public-data indicators official CAMELS ratings.
docs/PHASE3_COMPLETION_REPORT.md,7,failure_probability,RESOLVED_GOVERNANCE_CONTEXT,"The platform now contains 65 transparent **public-data CAMELS-style risk indicators** and quarter-specific peer benchmarks. They are not official CAMELS ratings. No labels, models, macro data, alerts, dashboard, or composite failure probabi"
docs/PHASE3_COMPLETION_REPORT.md,7,official_camels,RESOLVED_GOVERNANCE_CONTEXT,"The platform now contains 65 transparent **public-data CAMELS-style risk indicators** and quarter-specific peer benchmarks. They are not official CAMELS ratings. No labels, models, macro data, alerts, dashboard, or composite failure probabi"
docs/PHASE7_PUBLIC_RELEASE_READINESS.md,6,guaranteed,RESOLVED_GOVERNANCE_CONTEXT,"2. Probability, regulatory, guaranteed-outcome, and investment claims are excluded or explicitly negated."
docs/PHASE8_CAREER_PACKAGING_READINESS.md,14,precision_misstatement,RESOLVED_GOVERNANCE_CONTEXT,"10. **Claims to avoid:** Calibrated failure probability, 14.8% precision, 289× more accurate, official CAMELS rating, regulatory-grade supervision, production deployment, guaranteed prediction, causal drivers, investment signal, or claim th"
docs/PHASE8_CAREER_PACKAGING_READINESS.md,14,accuracy_multiplier,RESOLVED_GOVERNANCE_CONTEXT,"10. **Claims to avoid:** Calibrated failure probability, 14.8% precision, 289× more accurate, official CAMELS rating, regulatory-grade supervision, production deployment, guaranteed prediction, causal drivers, investment signal, or claim th"
docs/PHASE8_CAREER_PACKAGING_READINESS.md,14,failure_probability,RESOLVED_GOVERNANCE_CONTEXT,"10. **Claims to avoid:** Calibrated failure probability, 14.8% precision, 289× more accurate, official CAMELS rating, regulatory-grade supervision, production deployment, guaranteed prediction, causal drivers, investment signal, or claim th"
docs/PHASE8_CAREER_PACKAGING_READINESS.md,14,will_fail,RESOLVED_GOVERNANCE_CONTEXT,"10. **Claims to avoid:** Calibrated failure probability, 14.8% precision, 289× more accurate, official CAMELS rating, regulatory-grade supervision, production deployment, guaranteed prediction, causal drivers, investment signal, or claim th"
docs/PHASE8_CAREER_PACKAGING_READINESS.md,14,official_camels,RESOLVED_GOVERNANCE_CONTEXT,"10. **Claims to avoid:** Calibrated failure probability, 14.8% precision, 289× more accurate, official CAMELS rating, regulatory-grade supervision, production deployment, guaranteed prediction, causal drivers, investment signal, or claim th"
docs/PHASE8_CAREER_PACKAGING_READINESS.md,14,regulatory_grade,RESOLVED_GOVERNANCE_CONTEXT,"10. **Claims to avoid:** Calibrated failure probability, 14.8% precision, 289× more accurate, official CAMELS rating, regulatory-grade supervision, production deployment, guaranteed prediction, causal drivers, investment signal, or claim th"
docs/PHASE8_CAREER_PACKAGING_READINESS.md,14,guaranteed,RESOLVED_GOVERNANCE_CONTEXT,"10. **Claims to avoid:** Calibrated failure probability, 14.8% precision, 289× more accurate, official CAMELS rating, regulatory-grade supervision, production deployment, guaranteed prediction, causal drivers, investment signal, or claim th"
docs/PHASE8_CAREER_PACKAGING_READINESS.md,14,investment_signal,RESOLVED_GOVERNANCE_CONTEXT,"10. **Claims to avoid:** Calibrated failure probability, 14.8% precision, 289× more accurate, official CAMELS rating, regulatory-grade supervision, production deployment, guaranteed prediction, causal drivers, investment signal, or claim th"
docs/PROJECT_SPECIFICATION.md,31,official_camels,RESOLVED_GOVERNANCE_CONTEXT,"- Official CAMELS ratings, regulatory approval, production supervision, investment advice, guaranteed failure prediction, or causal claims from model importance."
docs/PROJECT_SPECIFICATION.md,31,guaranteed,RESOLVED_GOVERNANCE_CONTEXT,"- Official CAMELS ratings, regulatory approval, production supervision, investment advice, guaranteed failure prediction, or causal claims from model importance."
docs/PROJECT_SPECIFICATION.md,73,will_fail,RESOLVED_GOVERNANCE_CONTEXT,"- Alerts say “elevated public-data risk indicators,” never “will fail.”"
docs/RESEARCH_REPORT.md,7,precision_misstatement,RESOLVED_GOVERNANCE_CONTEXT,"The selected model achieved a locked-test PR-AUC of 0.148342 against a 0.000513 no-skill baseline, ROC AUC of 0.794209, and captured 10 of 17 unique failures within the top 5% of quarterly rankings. The result is useful only as ranking evid"
docs/RESEARCH_REPORT.md,15,official_camels,RESOLVED_GOVERNANCE_CONTEXT,"The source layer uses FDIC BankFind Suite institutions, quarterly financials, failures, and structural-history data. Assistance transactions, failures, mergers, acquisitions, charter changes, and other exits remain distinct. No confidential"
docs/RISK_FEATURE_DICTIONARY.md,3,official_camels,RESOLVED_GOVERNANCE_CONTEXT,"These are transparent **public-data CAMELS-style risk indicators**, not official CAMELS ratings. Raw calculated values are preserved; nulls are not imputed; unsupported regulatory fields are excluded."
docs/RISK_FEATURE_DICTIONARY.md,14,official_camels,RESOLVED_GOVERNANCE_CONTEXT,"| `capital_deterioration_flag` | Capital | 1 when equity ratio falls materially | flag | Higher value = higher risk | 2001-06-30–2026-03-31; 1.729% missing | No | Screening flag, not an official CAMELS rating |"
docs/RISK_FEATURE_METHODOLOGY.md,3,official_camels,RESOLVED_GOVERNANCE_CONTEXT,"Phase 3 converts the approved 40-field bank-quarter fact into 65 transparent **public-data CAMELS-style risk indicators**. They are not official CAMELS ratings, supervisory findings, failure probabilities, or causal estimates."
public_release/data/DATA_DICTIONARY.csv,2,failure_probability,RESOLVED_GOVERNANCE_CONTEXT,"dashboard_demo_case_studies.parquet,case_role,str,synthetic institution record,See dashboard methodology and source schema; no field is an official CAMELS rating or calibrated failure probability."
public_release/data/DATA_DICTIONARY.csv,2,official_camels,RESOLVED_GOVERNANCE_CONTEXT,"dashboard_demo_case_studies.parquet,case_role,str,synthetic institution record,See dashboard methodology and source schema; no field is an official CAMELS rating or calibrated failure probability."
public_release/data/DATA_DICTIONARY.csv,3,failure_probability,RESOLVED_GOVERNANCE_CONTEXT,"dashboard_demo_case_studies.parquet,selection_status,str,synthetic institution record,See dashboard methodology and source schema; no field is an official CAMELS rating or calibrated failure probability."
public_release/data/DATA_DICTIONARY.csv,3,official_camels,RESOLVED_GOVERNANCE_CONTEXT,"dashboard_demo_case_studies.parquet,selection_status,str,synthetic institution record,See dashboard methodology and source schema; no field is an official CAMELS rating or calibrated failure probability."
public_release/data/DATA_DICTIONARY.csv,4,failure_probability,RESOLVED_GOVERNANCE_CONTEXT,"dashboard_demo_case_studies.parquet,selection_rationale,str,synthetic institution record,See dashboard methodology and source schema; no field is an official CAMELS rating or calibrated failure probability."
public_release/data/DATA_DICTIONARY.csv,4,official_camels,RESOLVED_GOVERNANCE_CONTEXT,"dashboard_demo_case_studies.parquet,selection_rationale,str,synthetic institution record,See dashboard methodology and source schema; no field is an official CAMELS rating or calibrated failure probability."
public_release/data/DATA_DICTIONARY.csv,5,failure_probability,RESOLVED_GOVERNANCE_CONTEXT,"dashboard_demo_case_studies.parquet,cert,int64,synthetic institution record,See dashboard methodology and source schema; no field is an official CAMELS rating or calibrated failure probability."
public_release/data/DATA_DICTIONARY.csv,5,official_camels,RESOLVED_GOVERNANCE_CONTEXT,"dashboard_demo_case_studies.parquet,cert,int64,synthetic institution record,See dashboard methodology and source schema; no field is an official CAMELS rating or calibrated failure probability."
public_release/data/DATA_DICTIONARY.csv,6,failure_probability,RESOLVED_GOVERNANCE_CONTEXT,"dashboard_demo_case_studies.parquet,rssdid,int64,synthetic institution record,See dashboard methodology and source schema; no field is an official CAMELS rating or calibrated failure probability."
public_release/data/DATA_DICTIONARY.csv,6,official_camels,RESOLVED_GOVERNANCE_CONTEXT,"dashboard_demo_case_studies.parquet,rssdid,int64,synthetic institution record,See dashboard methodology and source schema; no field is an official CAMELS rating or calibrated failure probability."
public_release/data/DATA_DICTIONARY.csv,7,failure_probability,RESOLVED_GOVERNANCE_CONTEXT,"dashboard_demo_case_studies.parquet,bank_name,str,synthetic institution record,See dashboard methodology and source schema; no field is an official CAMELS rating or calibrated failure probability."
public_release/data/DATA_DICTIONARY.csv,7,official_camels,RESOLVED_GOVERNANCE_CONTEXT,"dashboard_demo_case_studies.parquet,bank_name,str,synthetic institution record,See dashboard methodology and source schema; no field is an official CAMELS rating or calibrated failure probability."
public_release/data/DATA_DICTIONARY.csv,8,failure_probability,RESOLVED_GOVERNANCE_CONTEXT,"dashboard_demo_case_studies.parquet,state,str,synthetic institution record,See dashboard methodology and source schema; no field is an official CAMELS rating or calibrated failure probability."
public_release/data/DATA_DICTIONARY.csv,8,official_camels,RESOLVED_GOVERNANCE_CONTEXT,"dashboard_demo_case_studies.parquet,state,str,synthetic institution record,See dashboard methodology and source schema; no field is an official CAMELS rating or calibrated failure probability."
public_release/data/DATA_DICTIONARY.csv,9,failure_probability,RESOLVED_GOVERNANCE_CONTEXT,"dashboard_demo_case_studies.parquet,reporting_date,datetime64[us],synthetic institution record,See dashboard methodology and source schema; no field is an official CAMELS rating or calibrated failure probability."
public_release/data/DATA_DICTIONARY.csv,9,official_camels,RESOLVED_GOVERNANCE_CONTEXT,"dashboard_demo_case_studies.parquet,reporting_date,datetime64[us],synthetic institution record,See dashboard methodology and source schema; no field is an official CAMELS rating or calibrated failure probability."
public_release/data/DATA_DICTIONARY.csv,10,failure_probability,RESOLVED_GOVERNANCE_CONTEXT,"dashboard_demo_case_studies.parquet,failure_date,datetime64[us],synthetic institution record,See dashboard methodology and source schema; no field is an official CAMELS rating or calibrated failure probability."
public_release/data/DATA_DICTIONARY.csv,10,official_camels,RESOLVED_GOVERNANCE_CONTEXT,"dashboard_demo_case_studies.parquet,failure_date,datetime64[us],synthetic institution record,See dashboard methodology and source schema; no field is an official CAMELS rating or calibrated failure probability."
public_release/data/DATA_DICTIONARY.csv,11,failure_probability,RESOLVED_GOVERNANCE_CONTEXT,"dashboard_demo_case_studies.parquet,first_top_5_alert_date,datetime64[us],synthetic institution record,See dashboard methodology and source schema; no field is an official CAMELS rating or calibrated failure probability."
public_release/data/DATA_DICTIONARY.csv,11,official_camels,RESOLVED_GOVERNANCE_CONTEXT,"dashboard_demo_case_studies.parquet,first_top_5_alert_date,datetime64[us],synthetic institution record,See dashboard methodology and source schema; no field is an official CAMELS rating or calibrated failure probability."
public_release/data/DATA_DICTIONARY.csv,12,failure_probability,RESOLVED_GOVERNANCE_CONTEXT,"dashboard_demo_case_studies.parquet,lead_days_top_5,float64,synthetic institution record,See dashboard methodology and source schema; no field is an official CAMELS rating or calibrated failure probability."
public_release/data/DATA_DICTIONARY.csv,12,official_camels,RESOLVED_GOVERNANCE_CONTEXT,"dashboard_demo_case_studies.parquet,lead_days_top_5,float64,synthetic institution record,See dashboard methodology and source schema; no field is an official CAMELS rating or calibrated failure probability."
public_release/data/DATA_DICTIONARY.csv,13,failure_probability,RESOLVED_GOVERNANCE_CONTEXT,"dashboard_demo_case_studies.parquet,same_quarter_percentile,float64,synthetic institution record,See dashboard methodology and source schema; no field is an official CAMELS rating or calibrated failure probability."
public_release/data/DATA_DICTIONARY.csv,13,official_camels,RESOLVED_GOVERNANCE_CONTEXT,"dashboard_demo_case_studies.parquet,same_quarter_percentile,float64,synthetic institution record,See dashboard methodology and source schema; no field is an official CAMELS rating or calibrated failure probability."
public_release/data/DATA_DICTIONARY.csv,14,failure_probability,RESOLVED_GOVERNANCE_CONTEXT,"dashboard_demo_case_studies.parquet,same_quarter_rank,int64,synthetic institution record,See dashboard methodology and source schema; no field is an official CAMELS rating or calibrated failure probability."
public_release/data/DATA_DICTIONARY.csv,14,official_camels,RESOLVED_GOVERNANCE_CONTEXT,"dashboard_demo_case_studies.parquet,same_quarter_rank,int64,synthetic institution record,See dashboard methodology and source schema; no field is an official CAMELS rating or calibrated failure probability."
public_release/data/DATA_DICTIONARY.csv,15,failure_probability,RESOLVED_GOVERNANCE_CONTEXT,"dashboard_demo_case_studies.parquet,asset_size_band,str,synthetic institution record,See dashboard methodology and source schema; no field is an official CAMELS rating or calibrated failure probability."
public_release/data/DATA_DICTIONARY.csv,15,official_camels,RESOLVED_GOVERNANCE_CONTEXT,"dashboard_demo_case_studies.parquet,asset_size_band,str,synthetic institution record,See dashboard methodology and source schema; no field is an official CAMELS rating or calibrated failure probability."
public_release/data/DATA_DICTIONARY.csv,16,failure_probability,RESOLVED_GOVERNANCE_CONTEXT,"dashboard_demo_case_studies.parquet,risk_tier,str,synthetic institution record,See dashboard methodology and source schema; no field is an official CAMELS rating or calibrated failure probability."
public_release/data/DATA_DICTIONARY.csv,16,official_camels,RESOLVED_GOVERNANCE_CONTEXT,"dashboard_demo_case_studies.parquet,risk_tier,str,synthetic institution record,See dashboard methodology and source schema; no field is an official CAMELS rating or calibrated failure probability."
public_release/data/DATA_DICTIONARY.csv,17,failure_probability,RESOLVED_GOVERNANCE_CONTEXT,"dashboard_demo_case_studies.parquet,captured_top_1,bool,synthetic institution record,See dashboard methodology and source schema; no field is an official CAMELS rating or calibrated failure probability."
public_release/data/DATA_DICTIONARY.csv,17,official_camels,RESOLVED_GOVERNANCE_CONTEXT,"dashboard_demo_case_studies.parquet,captured_top_1,bool,synthetic institution record,See dashboard methodology and source schema; no field is an official CAMELS rating or calibrated failure probability."
public_release/data/DATA_DICTIONARY.csv,18,failure_probability,RESOLVED_GOVERNANCE_CONTEXT,"dashboard_demo_case_studies.parquet,captured_top_5,bool,synthetic institution record,See dashboard methodology and source schema; no field is an official CAMELS rating or calibrated failure probability."
public_release/data/DATA_DICTIONARY.csv,18,official_camels,RESOLVED_GOVERNANCE_CONTEXT,"dashboard_demo_case_studies.parquet,captured_top_5,bool,synthetic institution record,See dashboard methodology and source schema; no field is an official CAMELS rating or calibrated failure probability."
public_release/data/DATA_DICTIONARY.csv,19,failure_probability,RESOLVED_GOVERNANCE_CONTEXT,"dashboard_demo_case_studies.parquet,captured_top_10,bool,synthetic institution record,See dashboard methodology and source schema; no field is an official CAMELS rating or calibrated failure probability."
public_release/data/DATA_DICTIONARY.csv,19,official_camels,RESOLVED_GOVERNANCE_CONTEXT,"dashboard_demo_case_studies.parquet,captured_top_10,bool,synthetic institution record,See dashboard methodology and source schema; no field is an official CAMELS rating or calibrated failure probability."
public_release/data/DATA_DICTIONARY.csv,20,failure_probability,RESOLVED_GOVERNANCE_CONTEXT,"dashboard_demo_case_studies.parquet,historical_outcome,int64,synthetic institution record,See dashboard methodology and source schema; no field is an official CAMELS rating or calibrated failure probability."
public_release/data/DATA_DICTIONARY.csv,20,official_camels,RESOLVED_GOVERNANCE_CONTEXT,"dashboard_demo_case_studies.parquet,historical_outcome,int64,synthetic institution record,See dashboard methodology and source schema; no field is an official CAMELS rating or calibrated failure probability."
public_release/data/DATA_DICTIONARY.csv,21,failure_probability,RESOLVED_GOVERNANCE_CONTEXT,"dashboard_demo_case_studies.parquet,dashboard_build_run_id,str,synthetic institution record,See dashboard methodology and source schema; no field is an official CAMELS rating or calibrated failure probability."
public_release/data/DATA_DICTIONARY.csv,21,official_camels,RESOLVED_GOVERNANCE_CONTEXT,"dashboard_demo_case_studies.parquet,dashboard_build_run_id,str,synthetic institution record,See dashboard methodology and source schema; no field is an official CAMELS rating or calibrated failure probability."
public_release/data/DATA_DICTIONARY.csv,22,failure_probability,RESOLVED_GOVERNANCE_CONTEXT,"dashboard_demo_case_studies.parquet,dashboard_configuration_hash,str,synthetic institution record,See dashboard methodology and source schema; no field is an official CAMELS rating or calibrated failure probability."
public_release/data/DATA_DICTIONARY.csv,22,official_camels,RESOLVED_GOVERNANCE_CONTEXT,"dashboard_demo_case_studies.parquet,dashboard_configuration_hash,str,synthetic institution record,See dashboard methodology and source schema; no field is an official CAMELS rating or calibrated failure probability."
public_release/data/DATA_DICTIONARY.csv,23,failure_probability,RESOLVED_GOVERNANCE_CONTEXT,"dashboard_demo_case_studies.parquet,frozen_model_version,str,synthetic institution record,See dashboard methodology and source schema; no field is an official CAMELS rating or calibrated failure probability."
public_release/data/DATA_DICTIONARY.csv,23,official_camels,RESOLVED_GOVERNANCE_CONTEXT,"dashboard_demo_case_studies.parquet,frozen_model_version,str,synthetic institution record,See dashboard methodology and source schema; no field is an official CAMELS rating or calibrated failure probability."
public_release/data/DATA_DICTIONARY.csv,24,failure_probability,RESOLVED_GOVERNANCE_CONTEXT,"dashboard_demo_case_studies.parquet,prediction_source_hash,str,synthetic institution record,See dashboard methodology and source schema; no field is an official CAMELS rating or calibrated failure probability."
public_release/data/DATA_DICTIONARY.csv,24,official_camels,RESOLVED_GOVERNANCE_CONTEXT,"dashboard_demo_case_studies.parquet,prediction_source_hash,str,synthetic institution record,See dashboard methodology and source schema; no field is an official CAMELS rating or calibrated failure probability."
public_release/data/DATA_DICTIONARY.csv,25,failure_probability,RESOLVED_GOVERNANCE_CONTEXT,"dashboard_demo_case_studies.parquet,source_lineage,str,synthetic institution record,See dashboard methodology and source schema; no field is an official CAMELS rating or calibrated failure probability."
public_release/data/DATA_DICTIONARY.csv,25,official_camels,RESOLVED_GOVERNANCE_CONTEXT,"dashboard_demo_case_studies.parquet,source_lineage,str,synthetic institution record,See dashboard methodology and source schema; no field is an official CAMELS rating or calibrated failure probability."
public_release/data/DATA_DICTIONARY.csv,26,failure_probability,RESOLVED_GOVERNANCE_CONTEXT,"dashboard_demo_case_studies.parquet,build_timestamp,str,synthetic institution record,See dashboard methodology and source schema; no field is an official CAMELS rating or calibrated failure probability."
public_release/data/DATA_DICTIONARY.csv,26,official_camels,RESOLVED_GOVERNANCE_CONTEXT,"dashboard_demo_case_studies.parquet,build_timestamp,str,synthetic institution record,See dashboard methodology and source schema; no field is an official CAMELS rating or calibrated failure probability."
public_release/data/DATA_DICTIONARY.csv,27,failure_probability,RESOLVED_GOVERNANCE_CONTEXT,"dashboard_demo_case_studies.parquet,validation_status,str,synthetic institution record,See dashboard methodology and source schema; no field is an official CAMELS rating or calibrated failure probability."
public_release/data/DATA_DICTIONARY.csv,27,official_camels,RESOLVED_GOVERNANCE_CONTEXT,"dashboard_demo_case_studies.parquet,validation_status,str,synthetic institution record,See dashboard methodology and source schema; no field is an official CAMELS rating or calibrated failure probability."
public_release/data/DATA_DICTIONARY.csv,28,failure_probability,RESOLVED_GOVERNANCE_CONTEXT,"dashboard_demo_drivers.parquet,cert,int64,synthetic institution record,See dashboard methodology and source schema; no field is an official CAMELS rating or calibrated failure probability."
public_release/data/DATA_DICTIONARY.csv,28,official_camels,RESOLVED_GOVERNANCE_CONTEXT,"dashboard_demo_drivers.parquet,cert,int64,synthetic institution record,See dashboard methodology and source schema; no field is an official CAMELS rating or calibrated failure probability."
public_release/data/DATA_DICTIONARY.csv,29,failure_probability,RESOLVED_GOVERNANCE_CONTEXT,"dashboard_demo_drivers.parquet,rssdid,int64,synthetic institution record,See dashboard methodology and source schema; no field is an official CAMELS rating or calibrated failure probability."
public_release/data/DATA_DICTIONARY.csv,29,official_camels,RESOLVED_GOVERNANCE_CONTEXT,"dashboard_demo_drivers.parquet,rssdid,int64,synthetic institution record,See dashboard methodology and source schema; no field is an official CAMELS rating or calibrated failure probability."
public_release/data/DATA_DICTIONARY.csv,30,failure_probability,RESOLVED_GOVERNANCE_CONTEXT,"dashboard_demo_drivers.parquet,reporting_date,datetime64[us],synthetic institution record,See dashboard methodology and source schema; no field is an official CAMELS rating or calibrated failure probability."
public_release/data/DATA_DICTIONARY.csv,30,official_camels,RESOLVED_GOVERNANCE_CONTEXT,"dashboard_demo_drivers.parquet,reporting_date,datetime64[us],synthetic institution record,See dashboard methodology and source schema; no field is an official CAMELS rating or calibrated failure probability."
public_release/data/DATA_DICTIONARY.csv,31,failure_probability,RESOLVED_GOVERNANCE_CONTEXT,"dashboard_demo_drivers.parquet,driver_rank,int64,synthetic institution record,See dashboard methodology and source schema; no field is an official CAMELS rating or calibrated failure probability."
public_release/data/DATA_DICTIONARY.csv,31,official_camels,RESOLVED_GOVERNANCE_CONTEXT,"dashboard_demo_drivers.parquet,driver_rank,int64,synthetic institution record,See dashboard methodology and source schema; no field is an official CAMELS rating or calibrated failure probability."
public_release/data/DATA_DICTIONARY.csv,32,failure_probability,RESOLVED_GOVERNANCE_CONTEXT,"dashboard_demo_drivers.parquet,feature_name,str,synthetic institution record,See dashboard methodology and source schema; no field is an official CAMELS rating or calibrated failure probability."
public_release/data/DATA_DICTIONARY.csv,32,official_camels,RESOLVED_GOVERNANCE_CONTEXT,"dashboard_demo_drivers.parquet,feature_name,str,synthetic institution record,See dashboard methodology and source schema; no field is an official CAMELS rating or calibrated failure probability."
public_release/data/DATA_DICTIONARY.csv,33,failure_probability,RESOLVED_GOVERNANCE_CONTEXT,"dashboard_demo_drivers.parquet,score_delta,float64,synthetic institution record,See dashboard methodology and source schema; no field is an official CAMELS rating or calibrated failure probability."
public_release/data/DATA_DICTIONARY.csv,33,official_camels,RESOLVED_GOVERNANCE_CONTEXT,"dashboard_demo_drivers.parquet,score_delta,float64,synthetic institution record,See dashboard methodology and source schema; no field is an official CAMELS rating or calibrated failure probability."
public_release/data/DATA_DICTIONARY.csv,34,failure_probability,RESOLVED_GOVERNANCE_CONTEXT,"dashboard_demo_drivers.parquet,driver_direction,str,synthetic institution record,See dashboard methodology and source schema; no field is an official CAMELS rating or calibrated failure probability."
public_release/data/DATA_DICTIONARY.csv,34,official_camels,RESOLVED_GOVERNANCE_CONTEXT,"dashboard_demo_drivers.parquet,driver_direction,str,synthetic institution record,See dashboard methodology and source schema; no field is an official CAMELS rating or calibrated failure probability."
public_release/data/DATA_DICTIONARY.csv,35,failure_probability,RESOLVED_GOVERNANCE_CONTEXT,"dashboard_demo_drivers.parquet,current_feature_value,float64,synthetic institution record,See dashboard methodology and source schema; no field is an official CAMELS rating or calibrated failure probability."
public_release/data/DATA_DICTIONARY.csv,35,official_camels,RESOLVED_GOVERNANCE_CONTEXT,"dashboard_demo_drivers.parquet,current_feature_value,float64,synthetic institution record,See dashboard methodology and source schema; no field is an official CAMELS rating or calibrated failure probability."
public_release/data/DATA_DICTIONARY.csv,36,failure_probability,RESOLVED_GOVERNANCE_CONTEXT,"dashboard_demo_drivers.parquet,training_median_reference,float64,synthetic institution record,See dashboard methodology and source schema; no field is an official CAMELS rating or calibrated failure probability."
public_release/data/DATA_DICTIONARY.csv,36,official_camels,RESOLVED_GOVERNANCE_CONTEXT,"dashboard_demo_drivers.parquet,training_median_reference,float64,synthetic institution record,See dashboard methodology and source schema; no field is an official CAMELS rating or calibrated failure probability."
public_release/data/DATA_DICTIONARY.csv,37,failure_probability,RESOLVED_GOVERNANCE_CONTEXT,"dashboard_demo_drivers.parquet,explanation_method,str,synthetic institution record,See dashboard methodology and source schema; no field is an official CAMELS rating or calibrated failure probability."
public_release/data/DATA_DICTIONARY.csv,37,official_camels,RESOLVED_GOVERNANCE_CONTEXT,"dashboard_demo_drivers.parquet,explanation_method,str,synthetic institution record,See dashboard methodology and source schema; no field is an official CAMELS rating or calibrated failure probability."
public_release/data/DATA_DICTIONARY.csv,38,failure_probability,RESOLVED_GOVERNANCE_CONTEXT,"dashboard_demo_drivers.parquet,final_peer_group_id,str,synthetic institution record,See dashboard methodology and source schema; no field is an official CAMELS rating or calibrated failure probability."
public_release/data/DATA_DICTIONARY.csv,38,official_camels,RESOLVED_GOVERNANCE_CONTEXT,"dashboard_demo_drivers.parquet,final_peer_group_id,str,synthetic institution record,See dashboard methodology and source schema; no field is an official CAMELS rating or calibrated failure probability."
public_release/data/DATA_DICTIONARY.csv,39,failure_probability,RESOLVED_GOVERNANCE_CONTEXT,"dashboard_demo_drivers.parquet,peer_group_method,str,synthetic institution record,See dashboard methodology and source schema; no field is an official CAMELS rating or calibrated failure probability."
public_release/data/DATA_DICTIONARY.csv,39,official_camels,RESOLVED_GOVERNANCE_CONTEXT,"dashboard_demo_drivers.parquet,peer_group_method,str,synthetic institution record,See dashboard methodology and source schema; no field is an official CAMELS rating or calibrated failure probability."
public_release/data/DATA_DICTIONARY.csv,40,failure_probability,RESOLVED_GOVERNANCE_CONTEXT,"dashboard_demo_drivers.parquet,peer_count,int64,synthetic institution record,See dashboard methodology and source schema; no field is an official CAMELS rating or calibrated failure probability."
public_release/data/DATA_DICTIONARY.csv,40,official_camels,RESOLVED_GOVERNANCE_CONTEXT,"dashboard_demo_drivers.parquet,peer_count,int64,synthetic institution record,See dashboard methodology and source schema; no field is an official CAMELS rating or calibrated failure probability."
public_release/data/DATA_DICTIONARY.csv,41,failure_probability,RESOLVED_GOVERNANCE_CONTEXT,"dashboard_demo_drivers.parquet,peer_median,float64,synthetic institution record,See dashboard methodology and source schema; no field is an official CAMELS rating or calibrated failure probability."
public_release/data/DATA_DICTIONARY.csv,41,official_camels,RESOLVED_GOVERNANCE_CONTEXT,"dashboard_demo_drivers.parquet,peer_median,float64,synthetic institution record,See dashboard methodology and source schema; no field is an official CAMELS rating or calibrated failure probability."
public_release/data/DATA_DICTIONARY.csv,42,failure_probability,RESOLVED_GOVERNANCE_CONTEXT,"dashboard_demo_drivers.parquet,peer_p25,float64,synthetic institution record,See dashboard methodology and source schema; no field is an official CAMELS rating or calibrated failure probability."
public_release/data/DATA_DICTIONARY.csv,42,official_camels,RESOLVED_GOVERNANCE_CONTEXT,"dashboard_demo_drivers.parquet,peer_p25,float64,synthetic institution record,See dashboard methodology and source schema; no field is an official CAMELS rating or calibrated failure probability."
public_release/data/DATA_DICTIONARY.csv,43,failure_probability,RESOLVED_GOVERNANCE_CONTEXT,"dashboard_demo_drivers.parquet,peer_p75,float64,synthetic institution record,See dashboard methodology and source schema; no field is an official CAMELS rating or calibrated failure probability."
public_release/data/DATA_DICTIONARY.csv,43,official_camels,RESOLVED_GOVERNANCE_CONTEXT,"dashboard_demo_drivers.parquet,peer_p75,float64,synthetic institution record,See dashboard methodology and source schema; no field is an official CAMELS rating or calibrated failure probability."
public_release/data/DATA_DICTIONARY.csv,44,failure_probability,RESOLVED_GOVERNANCE_CONTEXT,"dashboard_demo_drivers.parquet,bank_percentile,float64,synthetic institution record,See dashboard methodology and source schema; no field is an official CAMELS rating or calibrated failure probability."
public_release/data/DATA_DICTIONARY.csv,44,official_camels,RESOLVED_GOVERNANCE_CONTEXT,"dashboard_demo_drivers.parquet,bank_percentile,float64,synthetic institution record,See dashboard methodology and source schema; no field is an official CAMELS rating or calibrated failure probability."
public_release/data/DATA_DICTIONARY.csv,45,failure_probability,RESOLVED_GOVERNANCE_CONTEXT,"dashboard_demo_drivers.parquet,risk_direction_adjusted_percentile,float64,synthetic institution record,See dashboard methodology and source schema; no field is an official CAMELS rating or calibrated failure probability."
public_release/data/DATA_DICTIONARY.csv,45,official_camels,RESOLVED_GOVERNANCE_CONTEXT,"dashboard_demo_drivers.parquet,risk_direction_adjusted_percentile,float64,synthetic institution record,See dashboard methodology and source schema; no field is an official CAMELS rating or calibrated failure probability."
public_release/data/DATA_DICTIONARY.csv,46,failure_probability,RESOLVED_GOVERNANCE_CONTEXT,"dashboard_demo_drivers.parquet,difference_from_peer_median,float64,synthetic institution record,See dashboard methodology and source schema; no field is an official CAMELS rating or calibrated failure probability."
public_release/data/DATA_DICTIONARY.csv,46,official_camels,RESOLVED_GOVERNANCE_CONTEXT,"dashboard_demo_drivers.parquet,difference_from_peer_median,float64,synthetic institution record,See dashboard methodology and source schema; no field is an official CAMELS rating or calibrated failure probability."
public_release/data/DATA_DICTIONARY.csv,47,failure_probability,RESOLVED_GOVERNANCE_CONTEXT,"dashboard_demo_drivers.parquet,peer_feature_count_too_small,bool,synthetic institution record,See dashboard methodology and source schema; no field is an official CAMELS rating or calibrated failure probability."
public_release/data/DATA_DICTIONARY.csv,47,official_camels,RESOLVED_GOVERNANCE_CONTEXT,"dashboard_demo_drivers.parquet,peer_feature_count_too_small,bool,synthetic institution record,See dashboard methodology and source schema; no field is an official CAMELS rating or calibrated failure probability."
public_release/data/DATA_DICTIONARY.csv,48,failure_probability,RESOLVED_GOVERNANCE_CONTEXT,"dashboard_demo_drivers.parquet,peer_comparison_warning,str,synthetic institution record,See dashboard methodology and source schema; no field is an official CAMELS rating or calibrated failure probability."
public_release/data/DATA_DICTIONARY.csv,48,official_camels,RESOLVED_GOVERNANCE_CONTEXT,"dashboard_demo_drivers.parquet,peer_comparison_warning,str,synthetic institution record,See dashboard methodology and source schema; no field is an official CAMELS rating or calibrated failure probability."
public_release/data/DATA_DICTIONARY.csv,49,failure_probability,RESOLVED_GOVERNANCE_CONTEXT,"dashboard_demo_drivers.parquet,dashboard_build_run_id,str,synthetic institution record,See dashboard methodology and source schema; no field is an official CAMELS rating or calibrated failure probability."
public_release/data/DATA_DICTIONARY.csv,49,official_camels,RESOLVED_GOVERNANCE_CONTEXT,"dashboard_demo_drivers.parquet,dashboard_build_run_id,str,synthetic institution record,See dashboard methodology and source schema; no field is an official CAMELS rating or calibrated failure probability."
public_release/data/DATA_DICTIONARY.csv,50,failure_probability,RESOLVED_GOVERNANCE_CONTEXT,"dashboard_demo_drivers.parquet,dashboard_configuration_hash,str,synthetic institution record,See dashboard methodology and source schema; no field is an official CAMELS rating or calibrated failure probability."
public_release/data/DATA_DICTIONARY.csv,50,official_camels,RESOLVED_GOVERNANCE_CONTEXT,"dashboard_demo_drivers.parquet,dashboard_configuration_hash,str,synthetic institution record,See dashboard methodology and source schema; no field is an official CAMELS rating or calibrated failure probability."
public_release/data/DATA_DICTIONARY.csv,51,failure_probability,RESOLVED_GOVERNANCE_CONTEXT,"dashboard_demo_drivers.parquet,frozen_model_version,str,synthetic institution record,See dashboard methodology and source schema; no field is an official CAMELS rating or calibrated failure probability."
public_release/data/DATA_DICTIONARY.csv,51,official_camels,RESOLVED_GOVERNANCE_CONTEXT,"dashboard_demo_drivers.parquet,frozen_model_version,str,synthetic institution record,See dashboard methodology and source schema; no field is an official CAMELS rating or calibrated failure probability."
public_release/data/DATA_DICTIONARY.csv,52,failure_probability,RESOLVED_GOVERNANCE_CONTEXT,"dashboard_demo_drivers.parquet,prediction_source_hash,str,synthetic institution record,See dashboard methodology and source schema; no field is an official CAMELS rating or calibrated failure probability."
public_release/data/DATA_DICTIONARY.csv,52,official_camels,RESOLVED_GOVERNANCE_CONTEXT,"dashboard_demo_drivers.parquet,prediction_source_hash,str,synthetic institution record,See dashboard methodology and source schema; no field is an official CAMELS rating or calibrated failure probability."
public_release/data/DATA_DICTIONARY.csv,53,failure_probability,RESOLVED_GOVERNANCE_CONTEXT,"dashboard_demo_drivers.parquet,source_lineage,str,synthetic institution record,See dashboard methodology and source schema; no field is an official CAMELS rating or calibrated failure probability."
public_release/data/DATA_DICTIONARY.csv,53,official_camels,RESOLVED_GOVERNANCE_CONTEXT,"dashboard_demo_drivers.parquet,source_lineage,str,synthetic institution record,See dashboard methodology and source schema; no field is an official CAMELS rating or calibrated failure probability."
public_release/data/DATA_DICTIONARY.csv,54,failure_probability,RESOLVED_GOVERNANCE_CONTEXT,"dashboard_demo_drivers.parquet,build_timestamp,str,synthetic institution record,See dashboard methodology and source schema; no field is an official CAMELS rating or calibrated failure probability."
public_release/data/DATA_DICTIONARY.csv,54,official_camels,RESOLVED_GOVERNANCE_CONTEXT,"dashboard_demo_drivers.parquet,build_timestamp,str,synthetic institution record,See dashboard methodology and source schema; no field is an official CAMELS rating or calibrated failure probability."
public_release/data/DATA_DICTIONARY.csv,55,failure_probability,RESOLVED_GOVERNANCE_CONTEXT,"dashboard_demo_drivers.parquet,validation_status,str,synthetic institution record,See dashboard methodology and source schema; no field is an official CAMELS rating or calibrated failure probability."
public_release/data/DATA_DICTIONARY.csv,55,official_camels,RESOLVED_GOVERNANCE_CONTEXT,"dashboard_demo_drivers.parquet,validation_status,str,synthetic institution record,See dashboard methodology and source schema; no field is an official CAMELS rating or calibrated failure probability."
public_release/data/DATA_DICTIONARY.csv,56,failure_probability,RESOLVED_GOVERNANCE_CONTEXT,"dashboard_demo_history.parquet,cert,int64,synthetic institution record,See dashboard methodology and source schema; no field is an official CAMELS rating or calibrated failure probability."
public_release/data/DATA_DICTIONARY.csv,56,official_camels,RESOLVED_GOVERNANCE_CONTEXT,"dashboard_demo_history.parquet,cert,int64,synthetic institution record,See dashboard methodology and source schema; no field is an official CAMELS rating or calibrated failure probability."
public_release/data/DATA_DICTIONARY.csv,57,failure_probability,RESOLVED_GOVERNANCE_CONTEXT,"dashboard_demo_history.parquet,rssdid,int64,synthetic institution record,See dashboard methodology and source schema; no field is an official CAMELS rating or calibrated failure probability."
public_release/data/DATA_DICTIONARY.csv,57,official_camels,RESOLVED_GOVERNANCE_CONTEXT,"dashboard_demo_history.parquet,rssdid,int64,synthetic institution record,See dashboard methodology and source schema; no field is an official CAMELS rating or calibrated failure probability."
public_release/data/DATA_DICTIONARY.csv,58,failure_probability,RESOLVED_GOVERNANCE_CONTEXT,"dashboard_demo_history.parquet,bank_name,str,synthetic institution record,See dashboard methodology and source schema; no field is an official CAMELS rating or calibrated failure probability."
public_release/data/DATA_DICTIONARY.csv,58,official_camels,RESOLVED_GOVERNANCE_CONTEXT,"dashboard_demo_history.parquet,bank_name,str,synthetic institution record,See dashboard methodology and source schema; no field is an official CAMELS rating or calibrated failure probability."
public_release/data/DATA_DICTIONARY.csv,59,failure_probability,RESOLVED_GOVERNANCE_CONTEXT,"dashboard_demo_history.parquet,state,str,synthetic institution record,See dashboard methodology and source schema; no field is an official CAMELS rating or calibrated failure probability."
public_release/data/DATA_DICTIONARY.csv,59,official_camels,RESOLVED_GOVERNANCE_CONTEXT,"dashboard_demo_history.parquet,state,str,synthetic institution record,See dashboard methodology and source schema; no field is an official CAMELS rating or calibrated failure probability."
public_release/data/DATA_DICTIONARY.csv,60,failure_probability,RESOLVED_GOVERNANCE_CONTEXT,"dashboard_demo_history.parquet,reporting_date,datetime64[us],synthetic institution record,See dashboard methodology and source schema; no field is an official CAMELS rating or calibrated failure probability."
public_release/data/DATA_DICTIONARY.csv,60,official_camels,RESOLVED_GOVERNANCE_CONTEXT,"dashboard_demo_history.parquet,reporting_date,datetime64[us],synthetic institution record,See dashboard methodology and source schema; no field is an official CAMELS rating or calibrated failure probability."
public_release/data/DATA_DICTIONARY.csv,61,failure_probability,RESOLVED_GOVERNANCE_CONTEXT,"dashboard_demo_history.parquet,asset_size_band,str,synthetic institution record,See dashboard methodology and source schema; no field is an official CAMELS rating or calibrated failure probability."
public_release/data/DATA_DICTIONARY.csv,61,official_camels,RESOLVED_GOVERNANCE_CONTEXT,"dashboard_demo_history.parquet,asset_size_band,str,synthetic institution record,See dashboard methodology and source schema; no field is an official CAMELS rating or calibrated failure probability."
public_release/data/DATA_DICTIONARY.csv,62,failure_probability,RESOLVED_GOVERNANCE_CONTEXT,"dashboard_demo_history.parquet,bank_class,str,synthetic institution record,See dashboard methodology and source schema; no field is an official CAMELS rating or calibrated failure probability."
public_release/data/DATA_DICTIONARY.csv,62,official_camels,RESOLVED_GOVERNANCE_CONTEXT,"dashboard_demo_history.parquet,bank_class,str,synthetic institution record,See dashboard methodology and source schema; no field is an official CAMELS rating or calibrated failure probability."
public_release/data/DATA_DICTIONARY.csv,63,failure_probability,RESOLVED_GOVERNANCE_CONTEXT,"dashboard_demo_history.parquet,model_score,float64,synthetic institution record,See dashboard methodology and source schema; no field is an official CAMELS rating or calibrated failure probability."
public_release/data/DATA_DICTIONARY.csv,63,official_camels,RESOLVED_GOVERNANCE_CONTEXT,"dashboard_demo_history.parquet,model_score,float64,synthetic institution record,See dashboard methodology and source schema; no field is an official CAMELS rating or calibrated failure probability."
public_release/data/DATA_DICTIONARY.csv,64,failure_probability,RESOLVED_GOVERNANCE_CONTEXT,"dashboard_demo_history.parquet,same_quarter_percentile,float64,synthetic institution record,See dashboard methodology and source schema; no field is an official CAMELS rating or calibrated failure probability."
public_release/data/DATA_DICTIONARY.csv,64,official_camels,RESOLVED_GOVERNANCE_CONTEXT,"dashboard_demo_history.parquet,same_quarter_percentile,float64,synthetic institution record,See dashboard methodology and source schema; no field is an official CAMELS rating or calibrated failure probability."
public_release/data/DATA_DICTIONARY.csv,65,failure_probability,RESOLVED_GOVERNANCE_CONTEXT,"dashboard_demo_history.parquet,same_quarter_rank,int64,synthetic institution record,See dashboard methodology and source schema; no field is an official CAMELS rating or calibrated failure probability."
public_release/data/DATA_DICTIONARY.csv,65,official_camels,RESOLVED_GOVERNANCE_CONTEXT,"dashboard_demo_history.parquet,same_quarter_rank,int64,synthetic institution record,See dashboard methodology and source schema; no field is an official CAMELS rating or calibrated failure probability."
public_release/data/DATA_DICTIONARY.csv,66,failure_probability,RESOLVED_GOVERNANCE_CONTEXT,"dashboard_demo_history.parquet,scored_population,int64,synthetic institution record,See dashboard methodology and source schema; no field is an official CAMELS rating or calibrated failure probability."
public_release/data/DATA_DICTIONARY.csv,66,official_camels,RESOLVED_GOVERNANCE_CONTEXT,"dashboard_demo_history.parquet,scored_population,int64,synthetic institution record,See dashboard methodology and source schema; no field is an official CAMELS rating or calibrated failure probability."
public_release/data/DATA_DICTIONARY.csv,67,failure_probability,RESOLVED_GOVERNANCE_CONTEXT,"dashboard_demo_history.parquet,risk_tier,str,synthetic institution record,See dashboard methodology and source schema; no field is an official CAMELS rating or calibrated failure probability."
public_release/data/DATA_DICTIONARY.csv,67,official_camels,RESOLVED_GOVERNANCE_CONTEXT,"dashboard_demo_history.parquet,risk_tier,str,synthetic institution record,See dashboard methodology and source schema; no field is an official CAMELS rating or calibrated failure probability."
public_release/data/DATA_DICTIONARY.csv,68,failure_probability,RESOLVED_GOVERNANCE_CONTEXT,"dashboard_demo_history.parquet,top_1_percent_flag,bool,synthetic institution record,See dashboard methodology and source schema; no field is an official CAMELS rating or calibrated failure probability."
public_release/data/DATA_DICTIONARY.csv,68,official_camels,RESOLVED_GOVERNANCE_CONTEXT,"dashboard_demo_history.parquet,top_1_percent_flag,bool,synthetic institution record,See dashboard methodology and source schema; no field is an official CAMELS rating or calibrated failure probability."
public_release/data/DATA_DICTIONARY.csv,69,failure_probability,RESOLVED_GOVERNANCE_CONTEXT,"dashboard_demo_history.parquet,top_5_percent_flag,bool,synthetic institution record,See dashboard methodology and source schema; no field is an official CAMELS rating or calibrated failure probability."
public_release/data/DATA_DICTIONARY.csv,69,official_camels,RESOLVED_GOVERNANCE_CONTEXT,"dashboard_demo_history.parquet,top_5_percent_flag,bool,synthetic institution record,See dashboard methodology and source schema; no field is an official CAMELS rating or calibrated failure probability."
public_release/data/DATA_DICTIONARY.csv,70,failure_probability,RESOLVED_GOVERNANCE_CONTEXT,"dashboard_demo_history.parquet,top_10_percent_flag,bool,synthetic institution record,See dashboard methodology and source schema; no field is an official CAMELS rating or calibrated failure probability."
public_release/data/DATA_DICTIONARY.csv,70,official_camels,RESOLVED_GOVERNANCE_CONTEXT,"dashboard_demo_history.parquet,top_10_percent_flag,bool,synthetic institution record,See dashboard methodology and source schema; no field is an official CAMELS rating or calibrated failure probability."
public_release/data/DATA_DICTIONARY.csv,71,failure_probability,RESOLVED_GOVERNANCE_CONTEXT,"dashboard_demo_history.parquet,prediction_split,str,synthetic institution record,See dashboard methodology and source schema; no field is an official CAMELS rating or calibrated failure probability."
public_release/data/DATA_DICTIONARY.csv,71,official_camels,RESOLVED_GOVERNANCE_CONTEXT,"dashboard_demo_history.parquet,prediction_split,str,synthetic institution record,See dashboard methodology and source schema; no field is an official CAMELS rating or calibrated failure probability."
public_release/data/DATA_DICTIONARY.csv,72,failure_probability,RESOLVED_GOVERNANCE_CONTEXT,"dashboard_demo_history.parquet,feature_quality_status,str,synthetic institution record,See dashboard methodology and source schema; no field is an official CAMELS rating or calibrated failure probability."
public_release/data/DATA_DICTIONARY.csv,72,official_camels,RESOLVED_GOVERNANCE_CONTEXT,"dashboard_demo_history.parquet,feature_quality_status,str,synthetic institution record,See dashboard methodology and source schema; no field is an official CAMELS rating or calibrated failure probability."
public_release/data/DATA_DICTIONARY.csv,73,failure_probability,RESOLVED_GOVERNANCE_CONTEXT,"dashboard_demo_history.parquet,peer_benchmark_status,str,synthetic institution record,See dashboard methodology and source schema; no field is an official CAMELS rating or calibrated failure probability."
public_release/data/DATA_DICTIONARY.csv,73,official_camels,RESOLVED_GOVERNANCE_CONTEXT,"dashboard_demo_history.parquet,peer_benchmark_status,str,synthetic institution record,See dashboard methodology and source schema; no field is an official CAMELS rating or calibrated failure probability."
public_release/data/DATA_DICTIONARY.csv,74,failure_probability,RESOLVED_GOVERNANCE_CONTEXT,"dashboard_demo_history.parquet,equity_to_assets,float64,synthetic institution record,See dashboard methodology and source schema; no field is an official CAMELS rating or calibrated failure probability."
public_release/data/DATA_DICTIONARY.csv,74,official_camels,RESOLVED_GOVERNANCE_CONTEXT,"dashboard_demo_history.parquet,equity_to_assets,float64,synthetic institution record,See dashboard methodology and source schema; no field is an official CAMELS rating or calibrated failure probability."
public_release/data/DATA_DICTIONARY.csv,75,failure_probability,RESOLVED_GOVERNANCE_CONTEXT,"dashboard_demo_history.parquet,equity_change_yoy_pct,float64,synthetic institution record,See dashboard methodology and source schema; no field is an official CAMELS rating or calibrated failure probability."
public_release/data/DATA_DICTIONARY.csv,75,official_camels,RESOLVED_GOVERNANCE_CONTEXT,"dashboard_demo_history.parquet,equity_change_yoy_pct,float64,synthetic institution record,See dashboard methodology and source schema; no field is an official CAMELS rating or calibrated failure probability."
public_release/data/DATA_DICTIONARY.csv,76,failure_probability,RESOLVED_GOVERNANCE_CONTEXT,"dashboard_demo_history.parquet,noncurrent_assets_to_total_loans,float64,synthetic institution record,See dashboard methodology and source schema; no field is an official CAMELS rating or calibrated failure probability."
public_release/data/DATA_DICTIONARY.csv,76,official_camels,RESOLVED_GOVERNANCE_CONTEXT,"dashboard_demo_history.parquet,noncurrent_assets_to_total_loans,float64,synthetic institution record,See dashboard methodology and source schema; no field is an official CAMELS rating or calibrated failure probability."
public_release/data/DATA_DICTIONARY.csv,77,failure_probability,RESOLVED_GOVERNANCE_CONTEXT,"dashboard_demo_history.parquet,past_due_30_89_to_total_loans,float64,synthetic institution record,See dashboard methodology and source schema; no field is an official CAMELS rating or calibrated failure probability."
public_release/data/DATA_DICTIONARY.csv,77,official_camels,RESOLVED_GOVERNANCE_CONTEXT,"dashboard_demo_history.parquet,past_due_30_89_to_total_loans,float64,synthetic institution record,See dashboard methodology and source schema; no field is an official CAMELS rating or calibrated failure probability."
public_release/data/DATA_DICTIONARY.csv,78,failure_probability,RESOLVED_GOVERNANCE_CONTEXT,"dashboard_demo_history.parquet,return_on_assets,float64,synthetic institution record,See dashboard methodology and source schema; no field is an official CAMELS rating or calibrated failure probability."
public_release/data/DATA_DICTIONARY.csv,78,official_camels,RESOLVED_GOVERNANCE_CONTEXT,"dashboard_demo_history.parquet,return_on_assets,float64,synthetic institution record,See dashboard methodology and source schema; no field is an official CAMELS rating or calibrated failure probability."
public_release/data/DATA_DICTIONARY.csv,79,failure_probability,RESOLVED_GOVERNANCE_CONTEXT,"dashboard_demo_history.parquet,return_on_equity,float64,synthetic institution record,See dashboard methodology and source schema; no field is an official CAMELS rating or calibrated failure probability."
public_release/data/DATA_DICTIONARY.csv,79,official_camels,RESOLVED_GOVERNANCE_CONTEXT,"dashboard_demo_history.parquet,return_on_equity,float64,synthetic institution record,See dashboard methodology and source schema; no field is an official CAMELS rating or calibrated failure probability."
public_release/data/DATA_DICTIONARY.csv,80,failure_probability,RESOLVED_GOVERNANCE_CONTEXT,"dashboard_demo_history.parquet,net_interest_margin,float64,synthetic institution record,See dashboard methodology and source schema; no field is an official CAMELS rating or calibrated failure probability."
public_release/data/DATA_DICTIONARY.csv,80,official_camels,RESOLVED_GOVERNANCE_CONTEXT,"dashboard_demo_history.parquet,net_interest_margin,float64,synthetic institution record,See dashboard methodology and source schema; no field is an official CAMELS rating or calibrated failure probability."
public_release/data/DATA_DICTIONARY.csv,81,failure_probability,RESOLVED_GOVERNANCE_CONTEXT,"dashboard_demo_history.parquet,efficiency_ratio,float64,synthetic institution record,See dashboard methodology and source schema; no field is an official CAMELS rating or calibrated failure probability."
public_release/data/DATA_DICTIONARY.csv,81,official_camels,RESOLVED_GOVERNANCE_CONTEXT,"dashboard_demo_history.parquet,efficiency_ratio,float64,synthetic institution record,See dashboard methodology and source schema; no field is an official CAMELS rating or calibrated failure probability."
public_release/data/DATA_DICTIONARY.csv,82,failure_probability,RESOLVED_GOVERNANCE_CONTEXT,"dashboard_demo_history.parquet,liquid_assets_to_total_assets,float64,synthetic institution record,See dashboard methodology and source schema; no field is an official CAMELS rating or calibrated failure probability."
public_release/data/DATA_DICTIONARY.csv,82,official_camels,RESOLVED_GOVERNANCE_CONTEXT,"dashboard_demo_history.parquet,liquid_assets_to_total_assets,float64,synthetic institution record,See dashboard methodology and source schema; no field is an official CAMELS rating or calibrated failure probability."
public_release/data/DATA_DICTIONARY.csv,83,failure_probability,RESOLVED_GOVERNANCE_CONTEXT,"dashboard_demo_history.parquet,loans_to_deposits,float64,synthetic institution record,See dashboard methodology and source schema; no field is an official CAMELS rating or calibrated failure probability."
public_release/data/DATA_DICTIONARY.csv,83,official_camels,RESOLVED_GOVERNANCE_CONTEXT,"dashboard_demo_history.parquet,loans_to_deposits,float64,synthetic institution record,See dashboard methodology and source schema; no field is an official CAMELS rating or calibrated failure probability."
public_release/data/DATA_DICTIONARY.csv,84,failure_probability,RESOLVED_GOVERNANCE_CONTEXT,"dashboard_demo_history.parquet,deposits_to_total_assets,float64,synthetic institution record,See dashboard methodology and source schema; no field is an official CAMELS rating or calibrated failure probability."
public_release/data/DATA_DICTIONARY.csv,84,official_camels,RESOLVED_GOVERNANCE_CONTEXT,"dashboard_demo_history.parquet,deposits_to_total_assets,float64,synthetic institution record,See dashboard methodology and source schema; no field is an official CAMELS rating or calibrated failure probability."
public_release/data/DATA_DICTIONARY.csv,85,failure_probability,RESOLVED_GOVERNANCE_CONTEXT,"dashboard_demo_history.parquet,fhlb_advances_to_total_assets,float64,synthetic institution record,See dashboard methodology and source schema; no field is an official CAMELS rating or calibrated failure probability."
public_release/data/DATA_DICTIONARY.csv,85,official_camels,RESOLVED_GOVERNANCE_CONTEXT,"dashboard_demo_history.parquet,fhlb_advances_to_total_assets,float64,synthetic institution record,See dashboard methodology and source schema; no field is an official CAMELS rating or calibrated failure probability."
public_release/data/DATA_DICTIONARY.csv,86,failure_probability,RESOLVED_GOVERNANCE_CONTEXT,"dashboard_demo_history.parquet,deposit_growth_yoy_pct,float64,synthetic institution record,See dashboard methodology and source schema; no field is an official CAMELS rating or calibrated failure probability."
public_release/data/DATA_DICTIONARY.csv,86,official_camels,RESOLVED_GOVERNANCE_CONTEXT,"dashboard_demo_history.parquet,deposit_growth_yoy_pct,float64,synthetic institution record,See dashboard methodology and source schema; no field is an official CAMELS rating or calibrated failure probability."
public_release/data/DATA_DICTIONARY.csv,87,failure_probability,RESOLVED_GOVERNANCE_CONTEXT,"dashboard_demo_history.parquet,funding_cost,float64,synthetic institution record,See dashboard methodology and source schema; no field is an official CAMELS rating or calibrated failure probability."
public_release/data/DATA_DICTIONARY.csv,87,official_camels,RESOLVED_GOVERNANCE_CONTEXT,"dashboard_demo_history.parquet,funding_cost,float64,synthetic institution record,See dashboard methodology and source schema; no field is an official CAMELS rating or calibrated failure probability."
public_release/data/DATA_DICTIONARY.csv,88,failure_probability,RESOLVED_GOVERNANCE_CONTEXT,"dashboard_demo_history.parquet,loan_concentration_hhi,float64,synthetic institution record,See dashboard methodology and source schema; no field is an official CAMELS rating or calibrated failure probability."
public_release/data/DATA_DICTIONARY.csv,88,official_camels,RESOLVED_GOVERNANCE_CONTEXT,"dashboard_demo_history.parquet,loan_concentration_hhi,float64,synthetic institution record,See dashboard methodology and source schema; no field is an official CAMELS rating or calibrated failure probability."
public_release/data/DATA_DICTIONARY.csv,89,failure_probability,RESOLVED_GOVERNANCE_CONTEXT,"dashboard_demo_history.parquet,largest_reported_loan_category_share,float64,synthetic institution record,See dashboard methodology and source schema; no field is an official CAMELS rating or calibrated failure probability."
public_release/data/DATA_DICTIONARY.csv,89,official_camels,RESOLVED_GOVERNANCE_CONTEXT,"dashboard_demo_history.parquet,largest_reported_loan_category_share,float64,synthetic institution record,See dashboard methodology and source schema; no field is an official CAMELS rating or calibrated failure probability."
public_release/data/DATA_DICTIONARY.csv,90,failure_probability,RESOLVED_GOVERNANCE_CONTEXT,"dashboard_demo_history.parquet,total_asset_growth_yoy_pct,float64,synthetic institution record,See dashboard methodology and source schema; no field is an official CAMELS rating or calibrated failure probability."
public_release/data/DATA_DICTIONARY.csv,90,official_camels,RESOLVED_GOVERNANCE_CONTEXT,"dashboard_demo_history.parquet,total_asset_growth_yoy_pct,float64,synthetic institution record,See dashboard methodology and source schema; no field is an official CAMELS rating or calibrated failure probability."
public_release/data/DATA_DICTIONARY.csv,91,failure_probability,RESOLVED_GOVERNANCE_CONTEXT,"dashboard_demo_history.parquet,total_loan_growth_yoy_pct,float64,synthetic institution record,See dashboard methodology and source schema; no field is an official CAMELS rating or calibrated failure probability."
public_release/data/DATA_DICTIONARY.csv,91,official_camels,RESOLVED_GOVERNANCE_CONTEXT,"dashboard_demo_history.parquet,total_loan_growth_yoy_pct,float64,synthetic institution record,See dashboard methodology and source schema; no field is an official CAMELS rating or calibrated failure probability."
public_release/data/DATA_DICTIONARY.csv,92,failure_probability,RESOLVED_GOVERNANCE_CONTEXT,"dashboard_demo_history.parquet,loan_growth_minus_deposit_growth,float64,synthetic institution record,See dashboard methodology and source schema; no field is an official CAMELS rating or calibrated failure probability."
public_release/data/DATA_DICTIONARY.csv,92,official_camels,RESOLVED_GOVERNANCE_CONTEXT,"dashboard_demo_history.parquet,loan_growth_minus_deposit_growth,float64,synthetic institution record,See dashboard methodology and source schema; no field is an official CAMELS rating or calibrated failure probability."
public_release/data/DATA_DICTIONARY.csv,93,failure_probability,RESOLVED_GOVERNANCE_CONTEXT,"dashboard_demo_history.parquet,dashboard_build_run_id,str,synthetic institution record,See dashboard methodology and source schema; no field is an official CAMELS rating or calibrated failure probability."
public_release/data/DATA_DICTIONARY.csv,93,official_camels,RESOLVED_GOVERNANCE_CONTEXT,"dashboard_demo_history.parquet,dashboard_build_run_id,str,synthetic institution record,See dashboard methodology and source schema; no field is an official CAMELS rating or calibrated failure probability."
public_release/data/DATA_DICTIONARY.csv,94,failure_probability,RESOLVED_GOVERNANCE_CONTEXT,"dashboard_demo_history.parquet,dashboard_configuration_hash,str,synthetic institution record,See dashboard methodology and source schema; no field is an official CAMELS rating or calibrated failure probability."
public_release/data/DATA_DICTIONARY.csv,94,official_camels,RESOLVED_GOVERNANCE_CONTEXT,"dashboard_demo_history.parquet,dashboard_configuration_hash,str,synthetic institution record,See dashboard methodology and source schema; no field is an official CAMELS rating or calibrated failure probability."
public_release/data/DATA_DICTIONARY.csv,95,failure_probability,RESOLVED_GOVERNANCE_CONTEXT,"dashboard_demo_history.parquet,frozen_model_version,str,synthetic institution record,See dashboard methodology and source schema; no field is an official CAMELS rating or calibrated failure probability."
public_release/data/DATA_DICTIONARY.csv,95,official_camels,RESOLVED_GOVERNANCE_CONTEXT,"dashboard_demo_history.parquet,frozen_model_version,str,synthetic institution record,See dashboard methodology and source schema; no field is an official CAMELS rating or calibrated failure probability."
public_release/data/DATA_DICTIONARY.csv,96,failure_probability,RESOLVED_GOVERNANCE_CONTEXT,"dashboard_demo_history.parquet,prediction_source_hash,str,synthetic institution record,See dashboard methodology and source schema; no field is an official CAMELS rating or calibrated failure probability."
public_release/data/DATA_DICTIONARY.csv,96,official_camels,RESOLVED_GOVERNANCE_CONTEXT,"dashboard_demo_history.parquet,prediction_source_hash,str,synthetic institution record,See dashboard methodology and source schema; no field is an official CAMELS rating or calibrated failure probability."
public_release/data/DATA_DICTIONARY.csv,97,failure_probability,RESOLVED_GOVERNANCE_CONTEXT,"dashboard_demo_history.parquet,source_lineage,str,synthetic institution record,See dashboard methodology and source schema; no field is an official CAMELS rating or calibrated failure probability."
public_release/data/DATA_DICTIONARY.csv,97,official_camels,RESOLVED_GOVERNANCE_CONTEXT,"dashboard_demo_history.parquet,source_lineage,str,synthetic institution record,See dashboard methodology and source schema; no field is an official CAMELS rating or calibrated failure probability."
public_release/data/DATA_DICTIONARY.csv,98,failure_probability,RESOLVED_GOVERNANCE_CONTEXT,"dashboard_demo_history.parquet,build_timestamp,str,synthetic institution record,See dashboard methodology and source schema; no field is an official CAMELS rating or calibrated failure probability."
public_release/data/DATA_DICTIONARY.csv,98,official_camels,RESOLVED_GOVERNANCE_CONTEXT,"dashboard_demo_history.parquet,build_timestamp,str,synthetic institution record,See dashboard methodology and source schema; no field is an official CAMELS rating or calibrated failure probability."
public_release/data/DATA_DICTIONARY.csv,99,failure_probability,RESOLVED_GOVERNANCE_CONTEXT,"dashboard_demo_history.parquet,validation_status,str,synthetic institution record,See dashboard methodology and source schema; no field is an official CAMELS rating or calibrated failure probability."
public_release/data/DATA_DICTIONARY.csv,99,official_camels,RESOLVED_GOVERNANCE_CONTEXT,"dashboard_demo_history.parquet,validation_status,str,synthetic institution record,See dashboard methodology and source schema; no field is an official CAMELS rating or calibrated failure probability."
public_release/data/DATA_DICTIONARY.csv,100,failure_probability,RESOLVED_GOVERNANCE_CONTEXT,"dashboard_demo_metadata.parquet,metadata_key,str,synthetic institution record,See dashboard methodology and source schema; no field is an official CAMELS rating or calibrated failure probability."
public_release/data/DATA_DICTIONARY.csv,100,official_camels,RESOLVED_GOVERNANCE_CONTEXT,"dashboard_demo_metadata.parquet,metadata_key,str,synthetic institution record,See dashboard methodology and source schema; no field is an official CAMELS rating or calibrated failure probability."
public_release/data/DATA_DICTIONARY.csv,101,failure_probability,RESOLVED_GOVERNANCE_CONTEXT,"dashboard_demo_metadata.parquet,metadata_value,str,synthetic institution record,See dashboard methodology and source schema; no field is an official CAMELS rating or calibrated failure probability."
public_release/data/DATA_DICTIONARY.csv,101,official_camels,RESOLVED_GOVERNANCE_CONTEXT,"dashboard_demo_metadata.parquet,metadata_value,str,synthetic institution record,See dashboard methodology and source schema; no field is an official CAMELS rating or calibrated failure probability."
public_release/data/DATA_DICTIONARY.csv,102,failure_probability,RESOLVED_GOVERNANCE_CONTEXT,"dashboard_demo_metadata.parquet,category,str,synthetic institution record,See dashboard methodology and source schema; no field is an official CAMELS rating or calibrated failure probability."
public_release/data/DATA_DICTIONARY.csv,102,official_camels,RESOLVED_GOVERNANCE_CONTEXT,"dashboard_demo_metadata.parquet,category,str,synthetic institution record,See dashboard methodology and source schema; no field is an official CAMELS rating or calibrated failure probability."
public_release/data/DATA_DICTIONARY.csv,103,failure_probability,RESOLVED_GOVERNANCE_CONTEXT,"dashboard_demo_metadata.parquet,dashboard_build_run_id,str,synthetic institution record,See dashboard methodology and source schema; no field is an official CAMELS rating or calibrated failure probability."
public_release/data/DATA_DICTIONARY.csv,103,official_camels,RESOLVED_GOVERNANCE_CONTEXT,"dashboard_demo_metadata.parquet,dashboard_build_run_id,str,synthetic institution record,See dashboard methodology and source schema; no field is an official CAMELS rating or calibrated failure probability."
public_release/data/DATA_DICTIONARY.csv,104,failure_probability,RESOLVED_GOVERNANCE_CONTEXT,"dashboard_demo_metadata.parquet,dashboard_configuration_hash,str,synthetic institution record,See dashboard methodology and source schema; no field is an official CAMELS rating or calibrated failure probability."
public_release/data/DATA_DICTIONARY.csv,104,official_camels,RESOLVED_GOVERNANCE_CONTEXT,"dashboard_demo_metadata.parquet,dashboard_configuration_hash,str,synthetic institution record,See dashboard methodology and source schema; no field is an official CAMELS rating or calibrated failure probability."
public_release/data/DATA_DICTIONARY.csv,105,failure_probability,RESOLVED_GOVERNANCE_CONTEXT,"dashboard_demo_metadata.parquet,frozen_model_version,str,synthetic institution record,See dashboard methodology and source schema; no field is an official CAMELS rating or calibrated failure probability."
public_release/data/DATA_DICTIONARY.csv,105,official_camels,RESOLVED_GOVERNANCE_CONTEXT,"dashboard_demo_metadata.parquet,frozen_model_version,str,synthetic institution record,See dashboard methodology and source schema; no field is an official CAMELS rating or calibrated failure probability."
public_release/data/DATA_DICTIONARY.csv,106,failure_probability,RESOLVED_GOVERNANCE_CONTEXT,"dashboard_demo_metadata.parquet,prediction_source_hash,str,synthetic institution record,See dashboard methodology and source schema; no field is an official CAMELS rating or calibrated failure probability."
public_release/data/DATA_DICTIONARY.csv,106,official_camels,RESOLVED_GOVERNANCE_CONTEXT,"dashboard_demo_metadata.parquet,prediction_source_hash,str,synthetic institution record,See dashboard methodology and source schema; no field is an official CAMELS rating or calibrated failure probability."
public_release/data/DATA_DICTIONARY.csv,107,failure_probability,RESOLVED_GOVERNANCE_CONTEXT,"dashboard_demo_metadata.parquet,source_lineage,str,synthetic institution record,See dashboard methodology and source schema; no field is an official CAMELS rating or calibrated failure probability."
public_release/data/DATA_DICTIONARY.csv,107,official_camels,RESOLVED_GOVERNANCE_CONTEXT,"dashboard_demo_metadata.parquet,source_lineage,str,synthetic institution record,See dashboard methodology and source schema; no field is an official CAMELS rating or calibrated failure probability."
public_release/data/DATA_DICTIONARY.csv,108,failure_probability,RESOLVED_GOVERNANCE_CONTEXT,"dashboard_demo_metadata.parquet,build_timestamp,str,synthetic institution record,See dashboard methodology and source schema; no field is an official CAMELS rating or calibrated failure probability."
public_release/data/DATA_DICTIONARY.csv,108,official_camels,RESOLVED_GOVERNANCE_CONTEXT,"dashboard_demo_metadata.parquet,build_timestamp,str,synthetic institution record,See dashboard methodology and source schema; no field is an official CAMELS rating or calibrated failure probability."
public_release/data/DATA_DICTIONARY.csv,109,failure_probability,RESOLVED_GOVERNANCE_CONTEXT,"dashboard_demo_metadata.parquet,validation_status,str,synthetic institution record,See dashboard methodology and source schema; no field is an official CAMELS rating or calibrated failure probability."
public_release/data/DATA_DICTIONARY.csv,109,official_camels,RESOLVED_GOVERNANCE_CONTEXT,"dashboard_demo_metadata.parquet,validation_status,str,synthetic institution record,See dashboard methodology and source schema; no field is an official CAMELS rating or calibrated failure probability."
public_release/data/DATA_DICTIONARY.csv,110,failure_probability,RESOLVED_GOVERNANCE_CONTEXT,"dashboard_demo_peer_comparisons.parquet,cert,int64,synthetic institution record,See dashboard methodology and source schema; no field is an official CAMELS rating or calibrated failure probability."
public_release/data/DATA_DICTIONARY.csv,110,official_camels,RESOLVED_GOVERNANCE_CONTEXT,"dashboard_demo_peer_comparisons.parquet,cert,int64,synthetic institution record,See dashboard methodology and source schema; no field is an official CAMELS rating or calibrated failure probability."
public_release/data/DATA_DICTIONARY.csv,111,failure_probability,RESOLVED_GOVERNANCE_CONTEXT,"dashboard_demo_peer_comparisons.parquet,rssdid,int64,synthetic institution record,See dashboard methodology and source schema; no field is an official CAMELS rating or calibrated failure probability."
public_release/data/DATA_DICTIONARY.csv,111,official_camels,RESOLVED_GOVERNANCE_CONTEXT,"dashboard_demo_peer_comparisons.parquet,rssdid,int64,synthetic institution record,See dashboard methodology and source schema; no field is an official CAMELS rating or calibrated failure probability."
public_release/data/DATA_DICTIONARY.csv,112,failure_probability,RESOLVED_GOVERNANCE_CONTEXT,"dashboard_demo_peer_comparisons.parquet,bank_name,str,synthetic institution record,See dashboard methodology and source schema; no field is an official CAMELS rating or calibrated failure probability."
public_release/data/DATA_DICTIONARY.csv,112,official_camels,RESOLVED_GOVERNANCE_CONTEXT,"dashboard_demo_peer_comparisons.parquet,bank_name,str,synthetic institution record,See dashboard methodology and source schema; no field is an official CAMELS rating or calibrated failure probability."
public_release/data/DATA_DICTIONARY.csv,113,failure_probability,RESOLVED_GOVERNANCE_CONTEXT,"dashboard_demo_peer_comparisons.parquet,state,str,synthetic institution record,See dashboard methodology and source schema; no field is an official CAMELS rating or calibrated failure probability."
public_release/data/DATA_DICTIONARY.csv,113,official_camels,RESOLVED_GOVERNANCE_CONTEXT,"dashboard_demo_peer_comparisons.parquet,state,str,synthetic institution record,See dashboard methodology and source schema; no field is an official CAMELS rating or calibrated failure probability."
public_release/data/DATA_DICTIONARY.csv,114,failure_probability,RESOLVED_GOVERNANCE_CONTEXT,"dashboard_demo_peer_comparisons.parquet,reporting_date,datetime64[us],synthetic institution record,See dashboard methodology and source schema; no field is an official CAMELS rating or calibrated failure probability."
public_release/data/DATA_DICTIONARY.csv,114,official_camels,RESOLVED_GOVERNANCE_CONTEXT,"dashboard_demo_peer_comparisons.parquet,reporting_date,datetime64[us],synthetic institution record,See dashboard methodology and source schema; no field is an official CAMELS rating or calibrated failure probability."
public_release/data/DATA_DICTIONARY.csv,115,failure_probability,RESOLVED_GOVERNANCE_CONTEXT,"dashboard_demo_peer_comparisons.parquet,asset_size_band,str,synthetic institution record,See dashboard methodology and source schema; no field is an official CAMELS rating or calibrated failure probability."
public_release/data/DATA_DICTIONARY.csv,115,official_camels,RESOLVED_GOVERNANCE_CONTEXT,"dashboard_demo_peer_comparisons.parquet,asset_size_band,str,synthetic institution record,See dashboard methodology and source schema; no field is an official CAMELS rating or calibrated failure probability."
public_release/data/DATA_DICTIONARY.csv,116,failure_probability,RESOLVED_GOVERNANCE_CONTEXT,"dashboard_demo_peer_comparisons.parquet,bank_class,str,synthetic institution record,See dashboard methodology and source schema; no field is an official CAMELS rating or calibrated failure probability."
public_release/data/DATA_DICTIONARY.csv,116,official_camels,RESOLVED_GOVERNANCE_CONTEXT,"dashboard_demo_peer_comparisons.parquet,bank_class,str,synthetic institution record,See dashboard methodology and source schema; no field is an official CAMELS rating or calibrated failure probability."
public_release/data/DATA_DICTIONARY.csv,117,failure_probability,RESOLVED_GOVERNANCE_CONTEXT,"dashboard_demo_peer_comparisons.parquet,final_peer_group_id,str,synthetic institution record,See dashboard methodology and source schema; no field is an official CAMELS rating or calibrated failure probability."
public_release/data/DATA_DICTIONARY.csv,117,official_camels,RESOLVED_GOVERNANCE_CONTEXT,"dashboard_demo_peer_comparisons.parquet,final_peer_group_id,str,synthetic institution record,See dashboard methodology and source schema; no field is an official CAMELS rating or calibrated failure probability."
public_release/data/DATA_DICTIONARY.csv,118,failure_probability,RESOLVED_GOVERNANCE_CONTEXT,"dashboard_demo_peer_comparisons.parquet,peer_group_method,str,synthetic institution record,See dashboard methodology and source schema; no field is an official CAMELS rating or calibrated failure probability."
public_release/data/DATA_DICTIONARY.csv,118,official_camels,RESOLVED_GOVERNANCE_CONTEXT,"dashboard_demo_peer_comparisons.parquet,peer_group_method,str,synthetic institution record,See dashboard methodology and source schema; no field is an official CAMELS rating or calibrated failure probability."
public_release/data/DATA_DICTIONARY.csv,119,failure_probability,RESOLVED_GOVERNANCE_CONTEXT,"dashboard_demo_peer_comparisons.parquet,feature_name,str,synthetic institution record,See dashboard methodology and source schema; no field is an official CAMELS rating or calibrated failure probability."
public_release/data/DATA_DICTIONARY.csv,119,official_camels,RESOLVED_GOVERNANCE_CONTEXT,"dashboard_demo_peer_comparisons.parquet,feature_name,str,synthetic institution record,See dashboard methodology and source schema; no field is an official CAMELS rating or calibrated failure probability."
public_release/data/DATA_DICTIONARY.csv,120,failure_probability,RESOLVED_GOVERNANCE_CONTEXT,"dashboard_demo_peer_comparisons.parquet,feature_value,float64,synthetic institution record,See dashboard methodology and source schema; no field is an official CAMELS rating or calibrated failure probability."
public_release/data/DATA_DICTIONARY.csv,120,official_camels,RESOLVED_GOVERNANCE_CONTEXT,"dashboard_demo_peer_comparisons.parquet,feature_value,float64,synthetic institution record,See dashboard methodology and source schema; no field is an official CAMELS rating or calibrated failure probability."
public_release/data/DATA_DICTIONARY.csv,121,failure_probability,RESOLVED_GOVERNANCE_CONTEXT,"dashboard_demo_peer_comparisons.parquet,peer_count,int64,synthetic institution record,See dashboard methodology and source schema; no field is an official CAMELS rating or calibrated failure probability."
public_release/data/DATA_DICTIONARY.csv,121,official_camels,RESOLVED_GOVERNANCE_CONTEXT,"dashboard_demo_peer_comparisons.parquet,peer_count,int64,synthetic institution record,See dashboard methodology and source schema; no field is an official CAMELS rating or calibrated failure probability."
public_release/data/DATA_DICTIONARY.csv,122,failure_probability,RESOLVED_GOVERNANCE_CONTEXT,"dashboard_demo_peer_comparisons.parquet,peer_mean,float64,synthetic institution record,See dashboard methodology and source schema; no field is an official CAMELS rating or calibrated failure probability."
public_release/data/DATA_DICTIONARY.csv,122,official_camels,RESOLVED_GOVERNANCE_CONTEXT,"dashboard_demo_peer_comparisons.parquet,peer_mean,float64,synthetic institution record,See dashboard methodology and source schema; no field is an official CAMELS rating or calibrated failure probability."
public_release/data/DATA_DICTIONARY.csv,123,failure_probability,RESOLVED_GOVERNANCE_CONTEXT,"dashboard_demo_peer_comparisons.parquet,peer_median,float64,synthetic institution record,See dashboard methodology and source schema; no field is an official CAMELS rating or calibrated failure probability."
public_release/data/DATA_DICTIONARY.csv,123,official_camels,RESOLVED_GOVERNANCE_CONTEXT,"dashboard_demo_peer_comparisons.parquet,peer_median,float64,synthetic institution record,See dashboard methodology and source schema; no field is an official CAMELS rating or calibrated failure probability."
public_release/data/DATA_DICTIONARY.csv,124,failure_probability,RESOLVED_GOVERNANCE_CONTEXT,"dashboard_demo_peer_comparisons.parquet,peer_p25,float64,synthetic institution record,See dashboard methodology and source schema; no field is an official CAMELS rating or calibrated failure probability."
public_release/data/DATA_DICTIONARY.csv,124,official_camels,RESOLVED_GOVERNANCE_CONTEXT,"dashboard_demo_peer_comparisons.parquet,peer_p25,float64,synthetic institution record,See dashboard methodology and source schema; no field is an official CAMELS rating or calibrated failure probability."
public_release/data/DATA_DICTIONARY.csv,125,failure_probability,RESOLVED_GOVERNANCE_CONTEXT,"dashboard_demo_peer_comparisons.parquet,peer_p75,float64,synthetic institution record,See dashboard methodology and source schema; no field is an official CAMELS rating or calibrated failure probability."
public_release/data/DATA_DICTIONARY.csv,125,official_camels,RESOLVED_GOVERNANCE_CONTEXT,"dashboard_demo_peer_comparisons.parquet,peer_p75,float64,synthetic institution record,See dashboard methodology and source schema; no field is an official CAMELS rating or calibrated failure probability."
public_release/data/DATA_DICTIONARY.csv,126,failure_probability,RESOLVED_GOVERNANCE_CONTEXT,"dashboard_demo_peer_comparisons.parquet,bank_percentile,float64,synthetic institution record,See dashboard methodology and source schema; no field is an official CAMELS rating or calibrated failure probability."
public_release/data/DATA_DICTIONARY.csv,126,official_camels,RESOLVED_GOVERNANCE_CONTEXT,"dashboard_demo_peer_comparisons.parquet,bank_percentile,float64,synthetic institution record,See dashboard methodology and source schema; no field is an official CAMELS rating or calibrated failure probability."
public_release/data/DATA_DICTIONARY.csv,127,failure_probability,RESOLVED_GOVERNANCE_CONTEXT,"dashboard_demo_peer_comparisons.parquet,risk_direction_adjusted_percentile,float64,synthetic institution record,See dashboard methodology and source schema; no field is an official CAMELS rating or calibrated failure probability."
public_release/data/DATA_DICTIONARY.csv,127,official_camels,RESOLVED_GOVERNANCE_CONTEXT,"dashboard_demo_peer_comparisons.parquet,risk_direction_adjusted_percentile,float64,synthetic institution record,See dashboard methodology and source schema; no field is an official CAMELS rating or calibrated failure probability."
public_release/data/DATA_DICTIONARY.csv,128,failure_probability,RESOLVED_GOVERNANCE_CONTEXT,"dashboard_demo_peer_comparisons.parquet,difference_from_peer_median,float64,synthetic institution record,See dashboard methodology and source schema; no field is an official CAMELS rating or calibrated failure probability."
public_release/data/DATA_DICTIONARY.csv,128,official_camels,RESOLVED_GOVERNANCE_CONTEXT,"dashboard_demo_peer_comparisons.parquet,difference_from_peer_median,float64,synthetic institution record,See dashboard methodology and source schema; no field is an official CAMELS rating or calibrated failure probability."
public_release/data/DATA_DICTIONARY.csv,129,failure_probability,RESOLVED_GOVERNANCE_CONTEXT,"dashboard_demo_peer_comparisons.parquet,robust_z_score,float64,synthetic institution record,See dashboard methodology and source schema; no field is an official CAMELS rating or calibrated failure probability."
public_release/data/DATA_DICTIONARY.csv,129,official_camels,RESOLVED_GOVERNANCE_CONTEXT,"dashboard_demo_peer_comparisons.parquet,robust_z_score,float64,synthetic institution record,See dashboard methodology and source schema; no field is an official CAMELS rating or calibrated failure probability."
public_release/data/DATA_DICTIONARY.csv,130,failure_probability,RESOLVED_GOVERNANCE_CONTEXT,"dashboard_demo_peer_comparisons.parquet,peer_feature_count_too_small,bool,synthetic institution record,See dashboard methodology and source schema; no field is an official CAMELS rating or calibrated failure probability."
public_release/data/DATA_DICTIONARY.csv,130,official_camels,RESOLVED_GOVERNANCE_CONTEXT,"dashboard_demo_peer_comparisons.parquet,peer_feature_count_too_small,bool,synthetic institution record,See dashboard methodology and source schema; no field is an official CAMELS rating or calibrated failure probability."
public_release/data/DATA_DICTIONARY.csv,131,failure_probability,RESOLVED_GOVERNANCE_CONTEXT,"dashboard_demo_peer_comparisons.parquet,peer_validation_status,str,synthetic institution record,See dashboard methodology and source schema; no field is an official CAMELS rating or calibrated failure probability."
public_release/data/DATA_DICTIONARY.csv,131,official_camels,RESOLVED_GOVERNANCE_CONTEXT,"dashboard_demo_peer_comparisons.parquet,peer_validation_status,str,synthetic institution record,See dashboard methodology and source schema; no field is an official CAMELS rating or calibrated failure probability."
public_release/data/DATA_DICTIONARY.csv,132,failure_probability,RESOLVED_GOVERNANCE_CONTEXT,"dashboard_demo_peer_comparisons.parquet,dashboard_build_run_id,str,synthetic institution record,See dashboard methodology and source schema; no field is an official CAMELS rating or calibrated failure probability."
public_release/data/DATA_DICTIONARY.csv,132,official_camels,RESOLVED_GOVERNANCE_CONTEXT,"dashboard_demo_peer_comparisons.parquet,dashboard_build_run_id,str,synthetic institution record,See dashboard methodology and source schema; no field is an official CAMELS rating or calibrated failure probability."
public_release/data/DATA_DICTIONARY.csv,133,failure_probability,RESOLVED_GOVERNANCE_CONTEXT,"dashboard_demo_peer_comparisons.parquet,dashboard_configuration_hash,str,synthetic institution record,See dashboard methodology and source schema; no field is an official CAMELS rating or calibrated failure probability."
public_release/data/DATA_DICTIONARY.csv,133,official_camels,RESOLVED_GOVERNANCE_CONTEXT,"dashboard_demo_peer_comparisons.parquet,dashboard_configuration_hash,str,synthetic institution record,See dashboard methodology and source schema; no field is an official CAMELS rating or calibrated failure probability."
public_release/data/DATA_DICTIONARY.csv,134,failure_probability,RESOLVED_GOVERNANCE_CONTEXT,"dashboard_demo_peer_comparisons.parquet,frozen_model_version,str,synthetic institution record,See dashboard methodology and source schema; no field is an official CAMELS rating or calibrated failure probability."
public_release/data/DATA_DICTIONARY.csv,134,official_camels,RESOLVED_GOVERNANCE_CONTEXT,"dashboard_demo_peer_comparisons.parquet,frozen_model_version,str,synthetic institution record,See dashboard methodology and source schema; no field is an official CAMELS rating or calibrated failure probability."
public_release/data/DATA_DICTIONARY.csv,135,failure_probability,RESOLVED_GOVERNANCE_CONTEXT,"dashboard_demo_peer_comparisons.parquet,prediction_source_hash,str,synthetic institution record,See dashboard methodology and source schema; no field is an official CAMELS rating or calibrated failure probability."
public_release/data/DATA_DICTIONARY.csv,135,official_camels,RESOLVED_GOVERNANCE_CONTEXT,"dashboard_demo_peer_comparisons.parquet,prediction_source_hash,str,synthetic institution record,See dashboard methodology and source schema; no field is an official CAMELS rating or calibrated failure probability."
public_release/data/DATA_DICTIONARY.csv,136,failure_probability,RESOLVED_GOVERNANCE_CONTEXT,"dashboard_demo_peer_comparisons.parquet,source_lineage,str,synthetic institution record,See dashboard methodology and source schema; no field is an official CAMELS rating or calibrated failure probability."
public_release/data/DATA_DICTIONARY.csv,136,official_camels,RESOLVED_GOVERNANCE_CONTEXT,"dashboard_demo_peer_comparisons.parquet,source_lineage,str,synthetic institution record,See dashboard methodology and source schema; no field is an official CAMELS rating or calibrated failure probability."
public_release/data/DATA_DICTIONARY.csv,137,failure_probability,RESOLVED_GOVERNANCE_CONTEXT,"dashboard_demo_peer_comparisons.parquet,build_timestamp,str,synthetic institution record,See dashboard methodology and source schema; no field is an official CAMELS rating or calibrated failure probability."
public_release/data/DATA_DICTIONARY.csv,137,official_camels,RESOLVED_GOVERNANCE_CONTEXT,"dashboard_demo_peer_comparisons.parquet,build_timestamp,str,synthetic institution record,See dashboard methodology and source schema; no field is an official CAMELS rating or calibrated failure probability."
public_release/data/DATA_DICTIONARY.csv,138,failure_probability,RESOLVED_GOVERNANCE_CONTEXT,"dashboard_demo_peer_comparisons.parquet,validation_status,str,synthetic institution record,See dashboard methodology and source schema; no field is an official CAMELS rating or calibrated failure probability."
public_release/data/DATA_DICTIONARY.csv,138,official_camels,RESOLVED_GOVERNANCE_CONTEXT,"dashboard_demo_peer_comparisons.parquet,validation_status,str,synthetic institution record,See dashboard methodology and source schema; no field is an official CAMELS rating or calibrated failure probability."
public_release/data/DATA_DICTIONARY.csv,139,failure_probability,RESOLVED_GOVERNANCE_CONTEXT,"dashboard_demo_quality.parquet,cert,int64,synthetic institution record,See dashboard methodology and source schema; no field is an official CAMELS rating or calibrated failure probability."
public_release/data/DATA_DICTIONARY.csv,139,official_camels,RESOLVED_GOVERNANCE_CONTEXT,"dashboard_demo_quality.parquet,cert,int64,synthetic institution record,See dashboard methodology and source schema; no field is an official CAMELS rating or calibrated failure probability."
public_release/data/DATA_DICTIONARY.csv,140,failure_probability,RESOLVED_GOVERNANCE_CONTEXT,"dashboard_demo_quality.parquet,rssdid,int64,synthetic institution record,See dashboard methodology and source schema; no field is an official CAMELS rating or calibrated failure probability."
public_release/data/DATA_DICTIONARY.csv,140,official_camels,RESOLVED_GOVERNANCE_CONTEXT,"dashboard_demo_quality.parquet,rssdid,int64,synthetic institution record,See dashboard methodology and source schema; no field is an official CAMELS rating or calibrated failure probability."
public_release/data/DATA_DICTIONARY.csv,141,failure_probability,RESOLVED_GOVERNANCE_CONTEXT,"dashboard_demo_quality.parquet,bank_name,str,synthetic institution record,See dashboard methodology and source schema; no field is an official CAMELS rating or calibrated failure probability."
public_release/data/DATA_DICTIONARY.csv,141,official_camels,RESOLVED_GOVERNANCE_CONTEXT,"dashboard_demo_quality.parquet,bank_name,str,synthetic institution record,See dashboard methodology and source schema; no field is an official CAMELS rating or calibrated failure probability."
public_release/data/DATA_DICTIONARY.csv,142,failure_probability,RESOLVED_GOVERNANCE_CONTEXT,"dashboard_demo_quality.parquet,reporting_date,datetime64[us],synthetic institution record,See dashboard methodology and source schema; no field is an official CAMELS rating or calibrated failure probability."
public_release/data/DATA_DICTIONARY.csv,142,official_camels,RESOLVED_GOVERNANCE_CONTEXT,"dashboard_demo_quality.parquet,reporting_date,datetime64[us],synthetic institution record,See dashboard methodology and source schema; no field is an official CAMELS rating or calibrated failure probability."
public_release/data/DATA_DICTIONARY.csv,143,failure_probability,RESOLVED_GOVERNANCE_CONTEXT,"dashboard_demo_quality.parquet,feature_quality_status,str,synthetic institution record,See dashboard methodology and source schema; no field is an official CAMELS rating or calibrated failure probability."
public_release/data/DATA_DICTIONARY.csv,143,official_camels,RESOLVED_GOVERNANCE_CONTEXT,"dashboard_demo_quality.parquet,feature_quality_status,str,synthetic institution record,See dashboard methodology and source schema; no field is an official CAMELS rating or calibrated failure probability."
public_release/data/DATA_DICTIONARY.csv,144,failure_probability,RESOLVED_GOVERNANCE_CONTEXT,"dashboard_demo_quality.parquet,peer_benchmark_status,str,synthetic institution record,See dashboard methodology and source schema; no field is an official CAMELS rating or calibrated failure probability."
public_release/data/DATA_DICTIONARY.csv,144,official_camels,RESOLVED_GOVERNANCE_CONTEXT,"dashboard_demo_quality.parquet,peer_benchmark_status,str,synthetic institution record,See dashboard methodology and source schema; no field is an official CAMELS rating or calibrated failure probability."
public_release/data/DATA_DICTIONARY.csv,145,failure_probability,RESOLVED_GOVERNANCE_CONTEXT,"dashboard_demo_quality.parquet,missing_numerator_count,int64,synthetic institution record,See dashboard methodology and source schema; no field is an official CAMELS rating or calibrated failure probability."
public_release/data/DATA_DICTIONARY.csv,145,official_camels,RESOLVED_GOVERNANCE_CONTEXT,"dashboard_demo_quality.parquet,missing_numerator_count,int64,synthetic institution record,See dashboard methodology and source schema; no field is an official CAMELS rating or calibrated failure probability."
public_release/data/DATA_DICTIONARY.csv,146,failure_probability,RESOLVED_GOVERNANCE_CONTEXT,"dashboard_demo_quality.parquet,denominator_exception_count,int64,synthetic institution record,See dashboard methodology and source schema; no field is an official CAMELS rating or calibrated failure probability."
public_release/data/DATA_DICTIONARY.csv,146,official_camels,RESOLVED_GOVERNANCE_CONTEXT,"dashboard_demo_quality.parquet,denominator_exception_count,int64,synthetic institution record,See dashboard methodology and source schema; no field is an official CAMELS rating or calibrated failure probability."
public_release/data/DATA_DICTIONARY.csv,147,failure_probability,RESOLVED_GOVERNANCE_CONTEXT,"dashboard_demo_quality.parquet,missing_denominator_count,int64,synthetic institution record,See dashboard methodology and source schema; no field is an official CAMELS rating or calibrated failure probability."
public_release/data/DATA_DICTIONARY.csv,147,official_camels,RESOLVED_GOVERNANCE_CONTEXT,"dashboard_demo_quality.parquet,missing_denominator_count,int64,synthetic institution record,See dashboard methodology and source schema; no field is an official CAMELS rating or calibrated failure probability."
public_release/data/DATA_DICTIONARY.csv,148,failure_probability,RESOLVED_GOVERNANCE_CONTEXT,"dashboard_demo_quality.parquet,zero_denominator_count,int64,synthetic institution record,See dashboard methodology and source schema; no field is an official CAMELS rating or calibrated failure probability."
public_release/data/DATA_DICTIONARY.csv,148,official_camels,RESOLVED_GOVERNANCE_CONTEXT,"dashboard_demo_quality.parquet,zero_denominator_count,int64,synthetic institution record,See dashboard methodology and source schema; no field is an official CAMELS rating or calibrated failure probability."
public_release/data/DATA_DICTIONARY.csv,149,failure_probability,RESOLVED_GOVERNANCE_CONTEXT,"dashboard_demo_quality.parquet,negative_denominator_count,int64,synthetic institution record,See dashboard methodology and source schema; no field is an official CAMELS rating or calibrated failure probability."
public_release/data/DATA_DICTIONARY.csv,149,official_camels,RESOLVED_GOVERNANCE_CONTEXT,"dashboard_demo_quality.parquet,negative_denominator_count,int64,synthetic institution record,See dashboard methodology and source schema; no field is an official CAMELS rating or calibrated failure probability."
public_release/data/DATA_DICTIONARY.csv,150,failure_probability,RESOLVED_GOVERNANCE_CONTEXT,"dashboard_demo_quality.parquet,insufficient_lag_history,bool,synthetic institution record,See dashboard methodology and source schema; no field is an official CAMELS rating or calibrated failure probability."
public_release/data/DATA_DICTIONARY.csv,150,official_camels,RESOLVED_GOVERNANCE_CONTEXT,"dashboard_demo_quality.parquet,insufficient_lag_history,bool,synthetic institution record,See dashboard methodology and source schema; no field is an official CAMELS rating or calibrated failure probability."
public_release/data/DATA_DICTIONARY.csv,151,failure_probability,RESOLVED_GOVERNANCE_CONTEXT,"dashboard_demo_quality.parquet,peer_group_too_small,bool,synthetic institution record,See dashboard methodology and source schema; no field is an official CAMELS rating or calibrated failure probability."
public_release/data/DATA_DICTIONARY.csv,151,official_camels,RESOLVED_GOVERNANCE_CONTEXT,"dashboard_demo_quality.parquet,peer_group_too_small,bool,synthetic institution record,See dashboard methodology and source schema; no field is an official CAMELS rating or calibrated failure probability."
public_release/data/DATA_DICTIONARY.csv,152,failure_probability,RESOLVED_GOVERNANCE_CONTEXT,"dashboard_demo_quality.parquet,extreme_preserved_value,bool,synthetic institution record,See dashboard methodology and source schema; no field is an official CAMELS rating or calibrated failure probability."
public_release/data/DATA_DICTIONARY.csv,152,official_camels,RESOLVED_GOVERNANCE_CONTEXT,"dashboard_demo_quality.parquet,extreme_preserved_value,bool,synthetic institution record,See dashboard methodology and source schema; no field is an official CAMELS rating or calibrated failure probability."
public_release/data/DATA_DICTIONARY.csv,153,failure_probability,RESOLVED_GOVERNANCE_CONTEXT,"dashboard_demo_quality.parquet,suspected_unit_issue,bool,synthetic institution record,See dashboard methodology and source schema; no field is an official CAMELS rating or calibrated failure probability."
public_release/data/DATA_DICTIONARY.csv,153,official_camels,RESOLVED_GOVERNANCE_CONTEXT,"dashboard_demo_quality.parquet,suspected_unit_issue,bool,synthetic institution record,See dashboard methodology and source schema; no field is an official CAMELS rating or calibrated failure probability."
public_release/data/DATA_DICTIONARY.csv,154,failure_probability,RESOLVED_GOVERNANCE_CONTEXT,"dashboard_demo_quality.parquet,identifier_continuity_concern,bool,synthetic institution record,See dashboard methodology and source schema; no field is an official CAMELS rating or calibrated failure probability."
public_release/data/DATA_DICTIONARY.csv,154,official_camels,RESOLVED_GOVERNANCE_CONTEXT,"dashboard_demo_quality.parquet,identifier_continuity_concern,bool,synthetic institution record,See dashboard methodology and source schema; no field is an official CAMELS rating or calibrated failure probability."
public_release/data/DATA_DICTIONARY.csv,155,failure_probability,RESOLVED_GOVERNANCE_CONTEXT,"dashboard_demo_quality.parquet,source_field_quality_warning,bool,synthetic institution record,See dashboard methodology and source schema; no field is an official CAMELS rating or calibrated failure probability."
public_release/data/DATA_DICTIONARY.csv,155,official_camels,RESOLVED_GOVERNANCE_CONTEXT,"dashboard_demo_quality.parquet,source_field_quality_warning,bool,synthetic institution record,See dashboard methodology and source schema; no field is an official CAMELS rating or calibrated failure probability."
public_release/data/DATA_DICTIONARY.csv,156,failure_probability,RESOLVED_GOVERNANCE_CONTEXT,"dashboard_demo_quality.parquet,data_quality_warning,str,synthetic institution record,See dashboard methodology and source schema; no field is an official CAMELS rating or calibrated failure probability."
public_release/data/DATA_DICTIONARY.csv,156,official_camels,RESOLVED_GOVERNANCE_CONTEXT,"dashboard_demo_quality.parquet,data_quality_warning,str,synthetic institution record,See dashboard methodology and source schema; no field is an official CAMELS rating or calibrated failure probability."
public_release/data/DATA_DICTIONARY.csv,157,failure_probability,RESOLVED_GOVERNANCE_CONTEXT,"dashboard_demo_quality.parquet,dashboard_build_run_id,str,synthetic institution record,See dashboard methodology and source schema; no field is an official CAMELS rating or calibrated failure probability."
public_release/data/DATA_DICTIONARY.csv,157,official_camels,RESOLVED_GOVERNANCE_CONTEXT,"dashboard_demo_quality.parquet,dashboard_build_run_id,str,synthetic institution record,See dashboard methodology and source schema; no field is an official CAMELS rating or calibrated failure probability."
public_release/data/DATA_DICTIONARY.csv,158,failure_probability,RESOLVED_GOVERNANCE_CONTEXT,"dashboard_demo_quality.parquet,dashboard_configuration_hash,str,synthetic institution record,See dashboard methodology and source schema; no field is an official CAMELS rating or calibrated failure probability."
public_release/data/DATA_DICTIONARY.csv,158,official_camels,RESOLVED_GOVERNANCE_CONTEXT,"dashboard_demo_quality.parquet,dashboard_configuration_hash,str,synthetic institution record,See dashboard methodology and source schema; no field is an official CAMELS rating or calibrated failure probability."
public_release/data/DATA_DICTIONARY.csv,159,failure_probability,RESOLVED_GOVERNANCE_CONTEXT,"dashboard_demo_quality.parquet,frozen_model_version,str,synthetic institution record,See dashboard methodology and source schema; no field is an official CAMELS rating or calibrated failure probability."
public_release/data/DATA_DICTIONARY.csv,159,official_camels,RESOLVED_GOVERNANCE_CONTEXT,"dashboard_demo_quality.parquet,frozen_model_version,str,synthetic institution record,See dashboard methodology and source schema; no field is an official CAMELS rating or calibrated failure probability."
public_release/data/DATA_DICTIONARY.csv,160,failure_probability,RESOLVED_GOVERNANCE_CONTEXT,"dashboard_demo_quality.parquet,prediction_source_hash,str,synthetic institution record,See dashboard methodology and source schema; no field is an official CAMELS rating or calibrated failure probability."
public_release/data/DATA_DICTIONARY.csv,160,official_camels,RESOLVED_GOVERNANCE_CONTEXT,"dashboard_demo_quality.parquet,prediction_source_hash,str,synthetic institution record,See dashboard methodology and source schema; no field is an official CAMELS rating or calibrated failure probability."
public_release/data/DATA_DICTIONARY.csv,161,failure_probability,RESOLVED_GOVERNANCE_CONTEXT,"dashboard_demo_quality.parquet,source_lineage,str,synthetic institution record,See dashboard methodology and source schema; no field is an official CAMELS rating or calibrated failure probability."
public_release/data/DATA_DICTIONARY.csv,161,official_camels,RESOLVED_GOVERNANCE_CONTEXT,"dashboard_demo_quality.parquet,source_lineage,str,synthetic institution record,See dashboard methodology and source schema; no field is an official CAMELS rating or calibrated failure probability."
public_release/data/DATA_DICTIONARY.csv,162,failure_probability,RESOLVED_GOVERNANCE_CONTEXT,"dashboard_demo_quality.parquet,build_timestamp,str,synthetic institution record,See dashboard methodology and source schema; no field is an official CAMELS rating or calibrated failure probability."
public_release/data/DATA_DICTIONARY.csv,162,official_camels,RESOLVED_GOVERNANCE_CONTEXT,"dashboard_demo_quality.parquet,build_timestamp,str,synthetic institution record,See dashboard methodology and source schema; no field is an official CAMELS rating or calibrated failure probability."
public_release/data/DATA_DICTIONARY.csv,163,failure_probability,RESOLVED_GOVERNANCE_CONTEXT,"dashboard_demo_quality.parquet,validation_status,str,synthetic institution record,See dashboard methodology and source schema; no field is an official CAMELS rating or calibrated failure probability."
public_release/data/DATA_DICTIONARY.csv,163,official_camels,RESOLVED_GOVERNANCE_CONTEXT,"dashboard_demo_quality.parquet,validation_status,str,synthetic institution record,See dashboard methodology and source schema; no field is an official CAMELS rating or calibrated failure probability."
public_release/data/DATA_DICTIONARY.csv,164,failure_probability,RESOLVED_GOVERNANCE_CONTEXT,"dashboard_demo_scores.parquet,cert,int64,synthetic institution record,See dashboard methodology and source schema; no field is an official CAMELS rating or calibrated failure probability."
public_release/data/DATA_DICTIONARY.csv,164,official_camels,RESOLVED_GOVERNANCE_CONTEXT,"dashboard_demo_scores.parquet,cert,int64,synthetic institution record,See dashboard methodology and source schema; no field is an official CAMELS rating or calibrated failure probability."
public_release/data/DATA_DICTIONARY.csv,165,failure_probability,RESOLVED_GOVERNANCE_CONTEXT,"dashboard_demo_scores.parquet,rssdid,int64,synthetic institution record,See dashboard methodology and source schema; no field is an official CAMELS rating or calibrated failure probability."
public_release/data/DATA_DICTIONARY.csv,165,official_camels,RESOLVED_GOVERNANCE_CONTEXT,"dashboard_demo_scores.parquet,rssdid,int64,synthetic institution record,See dashboard methodology and source schema; no field is an official CAMELS rating or calibrated failure probability."
public_release/data/DATA_DICTIONARY.csv,166,failure_probability,RESOLVED_GOVERNANCE_CONTEXT,"dashboard_demo_scores.parquet,reporting_date,datetime64[us],synthetic institution record,See dashboard methodology and source schema; no field is an official CAMELS rating or calibrated failure probability."
public_release/data/DATA_DICTIONARY.csv,166,official_camels,RESOLVED_GOVERNANCE_CONTEXT,"dashboard_demo_scores.parquet,reporting_date,datetime64[us],synthetic institution record,See dashboard methodology and source schema; no field is an official CAMELS rating or calibrated failure probability."
public_release/data/DATA_DICTIONARY.csv,167,failure_probability,RESOLVED_GOVERNANCE_CONTEXT,"dashboard_demo_scores.parquet,model_score,float64,synthetic institution record,See dashboard methodology and source schema; no field is an official CAMELS rating or calibrated failure probability."
public_release/data/DATA_DICTIONARY.csv,167,official_camels,RESOLVED_GOVERNANCE_CONTEXT,"dashboard_demo_scores.parquet,model_score,float64,synthetic institution record,See dashboard methodology and source schema; no field is an official CAMELS rating or calibrated failure probability."
public_release/data/DATA_DICTIONARY.csv,168,failure_probability,RESOLVED_GOVERNANCE_CONTEXT,"dashboard_demo_scores.parquet,historical_outcome,int64,synthetic institution record,See dashboard methodology and source schema; no field is an official CAMELS rating or calibrated failure probability."
public_release/data/DATA_DICTIONARY.csv,168,official_camels,RESOLVED_GOVERNANCE_CONTEXT,"dashboard_demo_scores.parquet,historical_outcome,int64,synthetic institution record,See dashboard methodology and source schema; no field is an official CAMELS rating or calibrated failure probability."
public_release/data/DATA_DICTIONARY.csv,169,failure_probability,RESOLVED_GOVERNANCE_CONTEXT,"dashboard_demo_scores.parquet,prediction_split,str,synthetic institution record,See dashboard methodology and source schema; no field is an official CAMELS rating or calibrated failure probability."
public_release/data/DATA_DICTIONARY.csv,169,official_camels,RESOLVED_GOVERNANCE_CONTEXT,"dashboard_demo_scores.parquet,prediction_split,str,synthetic institution record,See dashboard methodology and source schema; no field is an official CAMELS rating or calibrated failure probability."
public_release/data/DATA_DICTIONARY.csv,170,failure_probability,RESOLVED_GOVERNANCE_CONTEXT,"dashboard_demo_scores.parquet,asset_size_band,str,synthetic institution record,See dashboard methodology and source schema; no field is an official CAMELS rating or calibrated failure probability."
public_release/data/DATA_DICTIONARY.csv,170,official_camels,RESOLVED_GOVERNANCE_CONTEXT,"dashboard_demo_scores.parquet,asset_size_band,str,synthetic institution record,See dashboard methodology and source schema; no field is an official CAMELS rating or calibrated failure probability."
public_release/data/DATA_DICTIONARY.csv,171,failure_probability,RESOLVED_GOVERNANCE_CONTEXT,"dashboard_demo_scores.parquet,bank_class,str,synthetic institution record,See dashboard methodology and source schema; no field is an official CAMELS rating or calibrated failure probability."
public_release/data/DATA_DICTIONARY.csv,171,official_camels,RESOLVED_GOVERNANCE_CONTEXT,"dashboard_demo_scores.parquet,bank_class,str,synthetic institution record,See dashboard methodology and source schema; no field is an official CAMELS rating or calibrated failure probability."
public_release/data/DATA_DICTIONARY.csv,172,failure_probability,RESOLVED_GOVERNANCE_CONTEXT,"dashboard_demo_scores.parquet,feature_quality_status,str,synthetic institution record,See dashboard methodology and source schema; no field is an official CAMELS rating or calibrated failure probability."
public_release/data/DATA_DICTIONARY.csv,172,official_camels,RESOLVED_GOVERNANCE_CONTEXT,"dashboard_demo_scores.parquet,feature_quality_status,str,synthetic institution record,See dashboard methodology and source schema; no field is an official CAMELS rating or calibrated failure probability."
public_release/data/DATA_DICTIONARY.csv,173,failure_probability,RESOLVED_GOVERNANCE_CONTEXT,"dashboard_demo_scores.parquet,protocol_hash,str,synthetic institution record,See dashboard methodology and source schema; no field is an official CAMELS rating or calibrated failure probability."
public_release/data/DATA_DICTIONARY.csv,173,official_camels,RESOLVED_GOVERNANCE_CONTEXT,"dashboard_demo_scores.parquet,protocol_hash,str,synthetic institution record,See dashboard methodology and source schema; no field is an official CAMELS rating or calibrated failure probability."
public_release/data/DATA_DICTIONARY.csv,174,failure_probability,RESOLVED_GOVERNANCE_CONTEXT,"dashboard_demo_scores.parquet,bank_name,str,synthetic institution record,See dashboard methodology and source schema; no field is an official CAMELS rating or calibrated failure probability."
public_release/data/DATA_DICTIONARY.csv,174,official_camels,RESOLVED_GOVERNANCE_CONTEXT,"dashboard_demo_scores.parquet,bank_name,str,synthetic institution record,See dashboard methodology and source schema; no field is an official CAMELS rating or calibrated failure probability."
public_release/data/DATA_DICTIONARY.csv,175,failure_probability,RESOLVED_GOVERNANCE_CONTEXT,"dashboard_demo_scores.parquet,state,str,synthetic institution record,See dashboard methodology and source schema; no field is an official CAMELS rating or calibrated failure probability."
public_release/data/DATA_DICTIONARY.csv,175,official_camels,RESOLVED_GOVERNANCE_CONTEXT,"dashboard_demo_scores.parquet,state,str,synthetic institution record,See dashboard methodology and source schema; no field is an official CAMELS rating or calibrated failure probability."
public_release/data/DATA_DICTIONARY.csv,176,failure_probability,RESOLVED_GOVERNANCE_CONTEXT,"dashboard_demo_scores.parquet,final_peer_group_id,str,synthetic institution record,See dashboard methodology and source schema; no field is an official CAMELS rating or calibrated failure probability."
public_release/data/DATA_DICTIONARY.csv,176,official_camels,RESOLVED_GOVERNANCE_CONTEXT,"dashboard_demo_scores.parquet,final_peer_group_id,str,synthetic institution record,See dashboard methodology and source schema; no field is an official CAMELS rating or calibrated failure probability."
public_release/data/DATA_DICTIONARY.csv,177,failure_probability,RESOLVED_GOVERNANCE_CONTEXT,"dashboard_demo_scores.parquet,final_peer_group_size,int64,synthetic institution record,See dashboard methodology and source schema; no field is an official CAMELS rating or calibrated failure probability."
public_release/data/DATA_DICTIONARY.csv,177,official_camels,RESOLVED_GOVERNANCE_CONTEXT,"dashboard_demo_scores.parquet,final_peer_group_size,int64,synthetic institution record,See dashboard methodology and source schema; no field is an official CAMELS rating or calibrated failure probability."
public_release/data/DATA_DICTIONARY.csv,178,failure_probability,RESOLVED_GOVERNANCE_CONTEXT,"dashboard_demo_scores.parquet,peer_group_method,str,synthetic institution record,See dashboard methodology and source schema; no field is an official CAMELS rating or calibrated failure probability."
public_release/data/DATA_DICTIONARY.csv,178,official_camels,RESOLVED_GOVERNANCE_CONTEXT,"dashboard_demo_scores.parquet,peer_group_method,str,synthetic institution record,See dashboard methodology and source schema; no field is an official CAMELS rating or calibrated failure probability."
public_release/data/DATA_DICTIONARY.csv,179,failure_probability,RESOLVED_GOVERNANCE_CONTEXT,"dashboard_demo_scores.parquet,peer_benchmark_status,str,synthetic institution record,See dashboard methodology and source schema; no field is an official CAMELS rating or calibrated failure probability."
public_release/data/DATA_DICTIONARY.csv,179,official_camels,RESOLVED_GOVERNANCE_CONTEXT,"dashboard_demo_scores.parquet,peer_benchmark_status,str,synthetic institution record,See dashboard methodology and source schema; no field is an official CAMELS rating or calibrated failure probability."
public_release/data/DATA_DICTIONARY.csv,180,failure_probability,RESOLVED_GOVERNANCE_CONTEXT,"dashboard_demo_scores.parquet,scored_population,int64,synthetic institution record,See dashboard methodology and source schema; no field is an official CAMELS rating or calibrated failure probability."
public_release/data/DATA_DICTIONARY.csv,180,official_camels,RESOLVED_GOVERNANCE_CONTEXT,"dashboard_demo_scores.parquet,scored_population,int64,synthetic institution record,See dashboard methodology and source schema; no field is an official CAMELS rating or calibrated failure probability."
public_release/data/DATA_DICTIONARY.csv,181,failure_probability,RESOLVED_GOVERNANCE_CONTEXT,"dashboard_demo_scores.parquet,same_quarter_rank,int64,synthetic institution record,See dashboard methodology and source schema; no field is an official CAMELS rating or calibrated failure probability."
public_release/data/DATA_DICTIONARY.csv,181,official_camels,RESOLVED_GOVERNANCE_CONTEXT,"dashboard_demo_scores.parquet,same_quarter_rank,int64,synthetic institution record,See dashboard methodology and source schema; no field is an official CAMELS rating or calibrated failure probability."
public_release/data/DATA_DICTIONARY.csv,182,failure_probability,RESOLVED_GOVERNANCE_CONTEXT,"dashboard_demo_scores.parquet,same_quarter_percentile,float64,synthetic institution record,See dashboard methodology and source schema; no field is an official CAMELS rating or calibrated failure probability."
public_release/data/DATA_DICTIONARY.csv,182,official_camels,RESOLVED_GOVERNANCE_CONTEXT,"dashboard_demo_scores.parquet,same_quarter_percentile,float64,synthetic institution record,See dashboard methodology and source schema; no field is an official CAMELS rating or calibrated failure probability."
public_release/data/DATA_DICTIONARY.csv,183,failure_probability,RESOLVED_GOVERNANCE_CONTEXT,"dashboard_demo_scores.parquet,top_1_percent_flag,bool,synthetic institution record,See dashboard methodology and source schema; no field is an official CAMELS rating or calibrated failure probability."
public_release/data/DATA_DICTIONARY.csv,183,official_camels,RESOLVED_GOVERNANCE_CONTEXT,"dashboard_demo_scores.parquet,top_1_percent_flag,bool,synthetic institution record,See dashboard methodology and source schema; no field is an official CAMELS rating or calibrated failure probability."
public_release/data/DATA_DICTIONARY.csv,184,failure_probability,RESOLVED_GOVERNANCE_CONTEXT,"dashboard_demo_scores.parquet,top_5_percent_flag,bool,synthetic institution record,See dashboard methodology and source schema; no field is an official CAMELS rating or calibrated failure probability."
public_release/data/DATA_DICTIONARY.csv,184,official_camels,RESOLVED_GOVERNANCE_CONTEXT,"dashboard_demo_scores.parquet,top_5_percent_flag,bool,synthetic institution record,See dashboard methodology and source schema; no field is an official CAMELS rating or calibrated failure probability."
public_release/data/DATA_DICTIONARY.csv,185,failure_probability,RESOLVED_GOVERNANCE_CONTEXT,"dashboard_demo_scores.parquet,top_10_percent_flag,bool,synthetic institution record,See dashboard methodology and source schema; no field is an official CAMELS rating or calibrated failure probability."
public_release/data/DATA_DICTIONARY.csv,185,official_camels,RESOLVED_GOVERNANCE_CONTEXT,"dashboard_demo_scores.parquet,top_10_percent_flag,bool,synthetic institution record,See dashboard methodology and source schema; no field is an official CAMELS rating or calibrated failure probability."
public_release/data/DATA_DICTIONARY.csv,186,failure_probability,RESOLVED_GOVERNANCE_CONTEXT,"dashboard_demo_scores.parquet,risk_tier,str,synthetic institution record,See dashboard methodology and source schema; no field is an official CAMELS rating or calibrated failure probability."
public_release/data/DATA_DICTIONARY.csv,186,official_camels,RESOLVED_GOVERNANCE_CONTEXT,"dashboard_demo_scores.parquet,risk_tier,str,synthetic institution record,See dashboard methodology and source schema; no field is an official CAMELS rating or calibrated failure probability."
public_release/data/DATA_DICTIONARY.csv,187,failure_probability,RESOLVED_GOVERNANCE_CONTEXT,"dashboard_demo_scores.parquet,prior_quarter_percentile,float64,synthetic institution record,See dashboard methodology and source schema; no field is an official CAMELS rating or calibrated failure probability."
public_release/data/DATA_DICTIONARY.csv,187,official_camels,RESOLVED_GOVERNANCE_CONTEXT,"dashboard_demo_scores.parquet,prior_quarter_percentile,float64,synthetic institution record,See dashboard methodology and source schema; no field is an official CAMELS rating or calibrated failure probability."
public_release/data/DATA_DICTIONARY.csv,188,failure_probability,RESOLVED_GOVERNANCE_CONTEXT,"dashboard_demo_scores.parquet,four_quarter_prior_percentile,float64,synthetic institution record,See dashboard methodology and source schema; no field is an official CAMELS rating or calibrated failure probability."
public_release/data/DATA_DICTIONARY.csv,188,official_camels,RESOLVED_GOVERNANCE_CONTEXT,"dashboard_demo_scores.parquet,four_quarter_prior_percentile,float64,synthetic institution record,See dashboard methodology and source schema; no field is an official CAMELS rating or calibrated failure probability."
public_release/data/DATA_DICTIONARY.csv,189,failure_probability,RESOLVED_GOVERNANCE_CONTEXT,"dashboard_demo_scores.parquet,percentile_change_qoq,float64,synthetic institution record,See dashboard methodology and source schema; no field is an official CAMELS rating or calibrated failure probability."
public_release/data/DATA_DICTIONARY.csv,189,official_camels,RESOLVED_GOVERNANCE_CONTEXT,"dashboard_demo_scores.parquet,percentile_change_qoq,float64,synthetic institution record,See dashboard methodology and source schema; no field is an official CAMELS rating or calibrated failure probability."
public_release/data/DATA_DICTIONARY.csv,190,failure_probability,RESOLVED_GOVERNANCE_CONTEXT,"dashboard_demo_scores.parquet,percentile_change_yoy,float64,synthetic institution record,See dashboard methodology and source schema; no field is an official CAMELS rating or calibrated failure probability."
public_release/data/DATA_DICTIONARY.csv,190,official_camels,RESOLVED_GOVERNANCE_CONTEXT,"dashboard_demo_scores.parquet,percentile_change_yoy,float64,synthetic institution record,See dashboard methodology and source schema; no field is an official CAMELS rating or calibrated failure probability."
public_release/data/DATA_DICTIONARY.csv,191,failure_probability,RESOLVED_GOVERNANCE_CONTEXT,"dashboard_demo_scores.parquet,out_of_sample_flag,bool,synthetic institution record,See dashboard methodology and source schema; no field is an official CAMELS rating or calibrated failure probability."
public_release/data/DATA_DICTIONARY.csv,191,official_camels,RESOLVED_GOVERNANCE_CONTEXT,"dashboard_demo_scores.parquet,out_of_sample_flag,bool,synthetic institution record,See dashboard methodology and source schema; no field is an official CAMELS rating or calibrated failure probability."
public_release/data/DATA_DICTIONARY.csv,192,failure_probability,RESOLVED_GOVERNANCE_CONTEXT,"dashboard_demo_scores.parquet,alert_status,str,synthetic institution record,See dashboard methodology and source schema; no field is an official CAMELS rating or calibrated failure probability."
public_release/data/DATA_DICTIONARY.csv,192,official_camels,RESOLVED_GOVERNANCE_CONTEXT,"dashboard_demo_scores.parquet,alert_status,str,synthetic institution record,See dashboard methodology and source schema; no field is an official CAMELS rating or calibrated failure probability."
public_release/data/DATA_DICTIONARY.csv,193,failure_probability,RESOLVED_GOVERNANCE_CONTEXT,"dashboard_demo_scores.parquet,data_quality_warning,str,synthetic institution record,See dashboard methodology and source schema; no field is an official CAMELS rating or calibrated failure probability."
public_release/data/DATA_DICTIONARY.csv,193,official_camels,RESOLVED_GOVERNANCE_CONTEXT,"dashboard_demo_scores.parquet,data_quality_warning,str,synthetic institution record,See dashboard methodology and source schema; no field is an official CAMELS rating or calibrated failure probability."
public_release/data/DATA_DICTIONARY.csv,194,failure_probability,RESOLVED_GOVERNANCE_CONTEXT,"dashboard_demo_scores.parquet,model_limitation_warning,str,synthetic institution record,See dashboard methodology and source schema; no field is an official CAMELS rating or calibrated failure probability."
public_release/data/DATA_DICTIONARY.csv,194,official_camels,RESOLVED_GOVERNANCE_CONTEXT,"dashboard_demo_scores.parquet,model_limitation_warning,str,synthetic institution record,See dashboard methodology and source schema; no field is an official CAMELS rating or calibrated failure probability."
public_release/data/DATA_DICTIONARY.csv,195,failure_probability,RESOLVED_GOVERNANCE_CONTEXT,"dashboard_demo_scores.parquet,dashboard_build_run_id,str,synthetic institution record,See dashboard methodology and source schema; no field is an official CAMELS rating or calibrated failure probability."
public_release/data/DATA_DICTIONARY.csv,195,official_camels,RESOLVED_GOVERNANCE_CONTEXT,"dashboard_demo_scores.parquet,dashboard_build_run_id,str,synthetic institution record,See dashboard methodology and source schema; no field is an official CAMELS rating or calibrated failure probability."
public_release/data/DATA_DICTIONARY.csv,196,failure_probability,RESOLVED_GOVERNANCE_CONTEXT,"dashboard_demo_scores.parquet,dashboard_configuration_hash,str,synthetic institution record,See dashboard methodology and source schema; no field is an official CAMELS rating or calibrated failure probability."
public_release/data/DATA_DICTIONARY.csv,196,official_camels,RESOLVED_GOVERNANCE_CONTEXT,"dashboard_demo_scores.parquet,dashboard_configuration_hash,str,synthetic institution record,See dashboard methodology and source schema; no field is an official CAMELS rating or calibrated failure probability."
public_release/data/DATA_DICTIONARY.csv,197,failure_probability,RESOLVED_GOVERNANCE_CONTEXT,"dashboard_demo_scores.parquet,frozen_model_version,str,synthetic institution record,See dashboard methodology and source schema; no field is an official CAMELS rating or calibrated failure probability."
public_release/data/DATA_DICTIONARY.csv,197,official_camels,RESOLVED_GOVERNANCE_CONTEXT,"dashboard_demo_scores.parquet,frozen_model_version,str,synthetic institution record,See dashboard methodology and source schema; no field is an official CAMELS rating or calibrated failure probability."
public_release/data/DATA_DICTIONARY.csv,198,failure_probability,RESOLVED_GOVERNANCE_CONTEXT,"dashboard_demo_scores.parquet,prediction_source_hash,str,synthetic institution record,See dashboard methodology and source schema; no field is an official CAMELS rating or calibrated failure probability."
public_release/data/DATA_DICTIONARY.csv,198,official_camels,RESOLVED_GOVERNANCE_CONTEXT,"dashboard_demo_scores.parquet,prediction_source_hash,str,synthetic institution record,See dashboard methodology and source schema; no field is an official CAMELS rating or calibrated failure probability."
public_release/data/DATA_DICTIONARY.csv,199,failure_probability,RESOLVED_GOVERNANCE_CONTEXT,"dashboard_demo_scores.parquet,source_lineage,str,synthetic institution record,See dashboard methodology and source schema; no field is an official CAMELS rating or calibrated failure probability."
public_release/data/DATA_DICTIONARY.csv,199,official_camels,RESOLVED_GOVERNANCE_CONTEXT,"dashboard_demo_scores.parquet,source_lineage,str,synthetic institution record,See dashboard methodology and source schema; no field is an official CAMELS rating or calibrated failure probability."
public_release/data/DATA_DICTIONARY.csv,200,failure_probability,RESOLVED_GOVERNANCE_CONTEXT,"dashboard_demo_scores.parquet,build_timestamp,str,synthetic institution record,See dashboard methodology and source schema; no field is an official CAMELS rating or calibrated failure probability."
public_release/data/DATA_DICTIONARY.csv,200,official_camels,RESOLVED_GOVERNANCE_CONTEXT,"dashboard_demo_scores.parquet,build_timestamp,str,synthetic institution record,See dashboard methodology and source schema; no field is an official CAMELS rating or calibrated failure probability."
public_release/data/DATA_DICTIONARY.csv,201,failure_probability,RESOLVED_GOVERNANCE_CONTEXT,"dashboard_demo_scores.parquet,validation_status,str,synthetic institution record,See dashboard methodology and source schema; no field is an official CAMELS rating or calibrated failure probability."
public_release/data/DATA_DICTIONARY.csv,201,official_camels,RESOLVED_GOVERNANCE_CONTEXT,"dashboard_demo_scores.parquet,validation_status,str,synthetic institution record,See dashboard methodology and source schema; no field is an official CAMELS rating or calibrated failure probability."
public_release/data/DATA_DICTIONARY.csv,202,failure_probability,RESOLVED_GOVERNANCE_CONTEXT,"dashboard_demo_validation.parquet,section,str,aggregate frozen validation evidence,See dashboard methodology and source schema; no field is an official CAMELS rating or calibrated failure probability."
public_release/data/DATA_DICTIONARY.csv,202,official_camels,RESOLVED_GOVERNANCE_CONTEXT,"dashboard_demo_validation.parquet,section,str,aggregate frozen validation evidence,See dashboard methodology and source schema; no field is an official CAMELS rating or calibrated failure probability."
public_release/data/DATA_DICTIONARY.csv,203,failure_probability,RESOLVED_GOVERNANCE_CONTEXT,"dashboard_demo_validation.parquet,series,str,aggregate frozen validation evidence,See dashboard methodology and source schema; no field is an official CAMELS rating or calibrated failure probability."
public_release/data/DATA_DICTIONARY.csv,203,official_camels,RESOLVED_GOVERNANCE_CONTEXT,"dashboard_demo_validation.parquet,series,str,aggregate frozen validation evidence,See dashboard methodology and source schema; no field is an official CAMELS rating or calibrated failure probability."
public_release/data/DATA_DICTIONARY.csv,204,failure_probability,RESOLVED_GOVERNANCE_CONTEXT,"dashboard_demo_validation.parquet,x_label,str,aggregate frozen validation evidence,See dashboard methodology and source schema; no field is an official CAMELS rating or calibrated failure probability."
public_release/data/DATA_DICTIONARY.csv,204,official_camels,RESOLVED_GOVERNANCE_CONTEXT,"dashboard_demo_validation.parquet,x_label,str,aggregate frozen validation evidence,See dashboard methodology and source schema; no field is an official CAMELS rating or calibrated failure probability."
public_release/data/DATA_DICTIONARY.csv,205,failure_probability,RESOLVED_GOVERNANCE_CONTEXT,"dashboard_demo_validation.parquet,x_value,float64,aggregate frozen validation evidence,See dashboard methodology and source schema; no field is an official CAMELS rating or calibrated failure probability."
public_release/data/DATA_DICTIONARY.csv,205,official_camels,RESOLVED_GOVERNANCE_CONTEXT,"dashboard_demo_validation.parquet,x_value,float64,aggregate frozen validation evidence,See dashboard methodology and source schema; no field is an official CAMELS rating or calibrated failure probability."
public_release/data/DATA_DICTIONARY.csv,206,failure_probability,RESOLVED_GOVERNANCE_CONTEXT,"dashboard_demo_validation.parquet,y_value,float64,aggregate frozen validation evidence,See dashboard methodology and source schema; no field is an official CAMELS rating or calibrated failure probability."
public_release/data/DATA_DICTIONARY.csv,206,official_camels,RESOLVED_GOVERNANCE_CONTEXT,"dashboard_demo_validation.parquet,y_value,float64,aggregate frozen validation evidence,See dashboard methodology and source schema; no field is an official CAMELS rating or calibrated failure probability."
public_release/data/DATA_DICTIONARY.csv,207,failure_probability,RESOLVED_GOVERNANCE_CONTEXT,"dashboard_demo_validation.parquet,metric_name,str,aggregate frozen validation evidence,See dashboard methodology and source schema; no field is an official CAMELS rating or calibrated failure probability."
public_release/data/DATA_DICTIONARY.csv,207,official_camels,RESOLVED_GOVERNANCE_CONTEXT,"dashboard_demo_validation.parquet,metric_name,str,aggregate frozen validation evidence,See dashboard methodology and source schema; no field is an official CAMELS rating or calibrated failure probability."
public_release/data/DATA_DICTIONARY.csv,208,failure_probability,RESOLVED_GOVERNANCE_CONTEXT,"dashboard_demo_validation.parquet,detail,str,aggregate frozen validation evidence,See dashboard methodology and source schema; no field is an official CAMELS rating or calibrated failure probability."
public_release/data/DATA_DICTIONARY.csv,208,official_camels,RESOLVED_GOVERNANCE_CONTEXT,"dashboard_demo_validation.parquet,detail,str,aggregate frozen validation evidence,See dashboard methodology and source schema; no field is an official CAMELS rating or calibrated failure probability."
public_release/data/DATA_DICTIONARY.csv,209,failure_probability,RESOLVED_GOVERNANCE_CONTEXT,"dashboard_demo_validation.parquet,dashboard_build_run_id,str,aggregate frozen validation evidence,See dashboard methodology and source schema; no field is an official CAMELS rating or calibrated failure probability."
public_release/data/DATA_DICTIONARY.csv,209,official_camels,RESOLVED_GOVERNANCE_CONTEXT,"dashboard_demo_validation.parquet,dashboard_build_run_id,str,aggregate frozen validation evidence,See dashboard methodology and source schema; no field is an official CAMELS rating or calibrated failure probability."
public_release/data/DATA_DICTIONARY.csv,210,failure_probability,RESOLVED_GOVERNANCE_CONTEXT,"dashboard_demo_validation.parquet,dashboard_configuration_hash,str,aggregate frozen validation evidence,See dashboard methodology and source schema; no field is an official CAMELS rating or calibrated failure probability."
public_release/data/DATA_DICTIONARY.csv,210,official_camels,RESOLVED_GOVERNANCE_CONTEXT,"dashboard_demo_validation.parquet,dashboard_configuration_hash,str,aggregate frozen validation evidence,See dashboard methodology and source schema; no field is an official CAMELS rating or calibrated failure probability."
public_release/data/DATA_DICTIONARY.csv,211,failure_probability,RESOLVED_GOVERNANCE_CONTEXT,"dashboard_demo_validation.parquet,frozen_model_version,str,aggregate frozen validation evidence,See dashboard methodology and source schema; no field is an official CAMELS rating or calibrated failure probability."
public_release/data/DATA_DICTIONARY.csv,211,official_camels,RESOLVED_GOVERNANCE_CONTEXT,"dashboard_demo_validation.parquet,frozen_model_version,str,aggregate frozen validation evidence,See dashboard methodology and source schema; no field is an official CAMELS rating or calibrated failure probability."
public_release/data/DATA_DICTIONARY.csv,212,failure_probability,RESOLVED_GOVERNANCE_CONTEXT,"dashboard_demo_validation.parquet,prediction_source_hash,str,aggregate frozen validation evidence,See dashboard methodology and source schema; no field is an official CAMELS rating or calibrated failure probability."
public_release/data/DATA_DICTIONARY.csv,212,official_camels,RESOLVED_GOVERNANCE_CONTEXT,"dashboard_demo_validation.parquet,prediction_source_hash,str,aggregate frozen validation evidence,See dashboard methodology and source schema; no field is an official CAMELS rating or calibrated failure probability."
public_release/data/DATA_DICTIONARY.csv,213,failure_probability,RESOLVED_GOVERNANCE_CONTEXT,"dashboard_demo_validation.parquet,source_lineage,str,aggregate frozen validation evidence,See dashboard methodology and source schema; no field is an official CAMELS rating or calibrated failure probability."
public_release/data/DATA_DICTIONARY.csv,213,official_camels,RESOLVED_GOVERNANCE_CONTEXT,"dashboard_demo_validation.parquet,source_lineage,str,aggregate frozen validation evidence,See dashboard methodology and source schema; no field is an official CAMELS rating or calibrated failure probability."
public_release/data/DATA_DICTIONARY.csv,214,failure_probability,RESOLVED_GOVERNANCE_CONTEXT,"dashboard_demo_validation.parquet,build_timestamp,str,aggregate frozen validation evidence,See dashboard methodology and source schema; no field is an official CAMELS rating or calibrated failure probability."
public_release/data/DATA_DICTIONARY.csv,214,official_camels,RESOLVED_GOVERNANCE_CONTEXT,"dashboard_demo_validation.parquet,build_timestamp,str,aggregate frozen validation evidence,See dashboard methodology and source schema; no field is an official CAMELS rating or calibrated failure probability."
public_release/data/DATA_DICTIONARY.csv,215,failure_probability,RESOLVED_GOVERNANCE_CONTEXT,"dashboard_demo_validation.parquet,validation_status,str,aggregate frozen validation evidence,See dashboard methodology and source schema; no field is an official CAMELS rating or calibrated failure probability."
public_release/data/DATA_DICTIONARY.csv,215,official_camels,RESOLVED_GOVERNANCE_CONTEXT,"dashboard_demo_validation.parquet,validation_status,str,aggregate frozen validation evidence,See dashboard methodology and source schema; no field is an official CAMELS rating or calibrated failure probability."
public_release/data/DATA_DICTIONARY.csv,216,failure_probability,RESOLVED_GOVERNANCE_CONTEXT,"dashboard_demo_watchlist.parquet,cert,int64,synthetic institution record,See dashboard methodology and source schema; no field is an official CAMELS rating or calibrated failure probability."
public_release/data/DATA_DICTIONARY.csv,216,official_camels,RESOLVED_GOVERNANCE_CONTEXT,"dashboard_demo_watchlist.parquet,cert,int64,synthetic institution record,See dashboard methodology and source schema; no field is an official CAMELS rating or calibrated failure probability."
public_release/data/DATA_DICTIONARY.csv,217,failure_probability,RESOLVED_GOVERNANCE_CONTEXT,"dashboard_demo_watchlist.parquet,rssdid,int64,synthetic institution record,See dashboard methodology and source schema; no field is an official CAMELS rating or calibrated failure probability."
public_release/data/DATA_DICTIONARY.csv,217,official_camels,RESOLVED_GOVERNANCE_CONTEXT,"dashboard_demo_watchlist.parquet,rssdid,int64,synthetic institution record,See dashboard methodology and source schema; no field is an official CAMELS rating or calibrated failure probability."
public_release/data/DATA_DICTIONARY.csv,218,failure_probability,RESOLVED_GOVERNANCE_CONTEXT,"dashboard_demo_watchlist.parquet,bank_name,str,synthetic institution record,See dashboard methodology and source schema; no field is an official CAMELS rating or calibrated failure probability."
public_release/data/DATA_DICTIONARY.csv,218,official_camels,RESOLVED_GOVERNANCE_CONTEXT,"dashboard_demo_watchlist.parquet,bank_name,str,synthetic institution record,See dashboard methodology and source schema; no field is an official CAMELS rating or calibrated failure probability."
public_release/data/DATA_DICTIONARY.csv,219,failure_probability,RESOLVED_GOVERNANCE_CONTEXT,"dashboard_demo_watchlist.parquet,state,str,synthetic institution record,See dashboard methodology and source schema; no field is an official CAMELS rating or calibrated failure probability."
public_release/data/DATA_DICTIONARY.csv,219,official_camels,RESOLVED_GOVERNANCE_CONTEXT,"dashboard_demo_watchlist.parquet,state,str,synthetic institution record,See dashboard methodology and source schema; no field is an official CAMELS rating or calibrated failure probability."
public_release/data/DATA_DICTIONARY.csv,220,failure_probability,RESOLVED_GOVERNANCE_CONTEXT,"dashboard_demo_watchlist.parquet,reporting_date,datetime64[us],synthetic institution record,See dashboard methodology and source schema; no field is an official CAMELS rating or calibrated failure probability."
public_release/data/DATA_DICTIONARY.csv,220,official_camels,RESOLVED_GOVERNANCE_CONTEXT,"dashboard_demo_watchlist.parquet,reporting_date,datetime64[us],synthetic institution record,See dashboard methodology and source schema; no field is an official CAMELS rating or calibrated failure probability."
public_release/data/DATA_DICTIONARY.csv,221,failure_probability,RESOLVED_GOVERNANCE_CONTEXT,"dashboard_demo_watchlist.parquet,asset_size_band,str,synthetic institution record,See dashboard methodology and source schema; no field is an official CAMELS rating or calibrated failure probability."
public_release/data/DATA_DICTIONARY.csv,221,official_camels,RESOLVED_GOVERNANCE_CONTEXT,"dashboard_demo_watchlist.parquet,asset_size_band,str,synthetic institution record,See dashboard methodology and source schema; no field is an official CAMELS rating or calibrated failure probability."
public_release/data/DATA_DICTIONARY.csv,222,failure_probability,RESOLVED_GOVERNANCE_CONTEXT,"dashboard_demo_watchlist.parquet,bank_class,str,synthetic institution record,See dashboard methodology and source schema; no field is an official CAMELS rating or calibrated failure probability."
public_release/data/DATA_DICTIONARY.csv,222,official_camels,RESOLVED_GOVERNANCE_CONTEXT,"dashboard_demo_watchlist.parquet,bank_class,str,synthetic institution record,See dashboard methodology and source schema; no field is an official CAMELS rating or calibrated failure probability."
public_release/data/DATA_DICTIONARY.csv,223,failure_probability,RESOLVED_GOVERNANCE_CONTEXT,"dashboard_demo_watchlist.parquet,model_score,float64,synthetic institution record,See dashboard methodology and source schema; no field is an official CAMELS rating or calibrated failure probability."
public_release/data/DATA_DICTIONARY.csv,223,official_camels,RESOLVED_GOVERNANCE_CONTEXT,"dashboard_demo_watchlist.parquet,model_score,float64,synthetic institution record,See dashboard methodology and source schema; no field is an official CAMELS rating or calibrated failure probability."
public_release/data/DATA_DICTIONARY.csv,224,failure_probability,RESOLVED_GOVERNANCE_CONTEXT,"dashboard_demo_watchlist.parquet,same_quarter_percentile,float64,synthetic institution record,See dashboard methodology and source schema; no field is an official CAMELS rating or calibrated failure probability."
public_release/data/DATA_DICTIONARY.csv,224,official_camels,RESOLVED_GOVERNANCE_CONTEXT,"dashboard_demo_watchlist.parquet,same_quarter_percentile,float64,synthetic institution record,See dashboard methodology and source schema; no field is an official CAMELS rating or calibrated failure probability."
public_release/data/DATA_DICTIONARY.csv,225,failure_probability,RESOLVED_GOVERNANCE_CONTEXT,"dashboard_demo_watchlist.parquet,same_quarter_rank,int64,synthetic institution record,See dashboard methodology and source schema; no field is an official CAMELS rating or calibrated failure probability."
public_release/data/DATA_DICTIONARY.csv,225,official_camels,RESOLVED_GOVERNANCE_CONTEXT,"dashboard_demo_watchlist.parquet,same_quarter_rank,int64,synthetic institution record,See dashboard methodology and source schema; no field is an official CAMELS rating or calibrated failure probability."
public_release/data/DATA_DICTIONARY.csv,226,failure_probability,RESOLVED_GOVERNANCE_CONTEXT,"dashboard_demo_watchlist.parquet,scored_population,int64,synthetic institution record,See dashboard methodology and source schema; no field is an official CAMELS rating or calibrated failure probability."
public_release/data/DATA_DICTIONARY.csv,226,official_camels,RESOLVED_GOVERNANCE_CONTEXT,"dashboard_demo_watchlist.parquet,scored_population,int64,synthetic institution record,See dashboard methodology and source schema; no field is an official CAMELS rating or calibrated failure probability."
public_release/data/DATA_DICTIONARY.csv,227,failure_probability,RESOLVED_GOVERNANCE_CONTEXT,"dashboard_demo_watchlist.parquet,risk_tier,str,synthetic institution record,See dashboard methodology and source schema; no field is an official CAMELS rating or calibrated failure probability."
public_release/data/DATA_DICTIONARY.csv,227,official_camels,RESOLVED_GOVERNANCE_CONTEXT,"dashboard_demo_watchlist.parquet,risk_tier,str,synthetic institution record,See dashboard methodology and source schema; no field is an official CAMELS rating or calibrated failure probability."
public_release/data/DATA_DICTIONARY.csv,228,failure_probability,RESOLVED_GOVERNANCE_CONTEXT,"dashboard_demo_watchlist.parquet,top_1_percent_flag,bool,synthetic institution record,See dashboard methodology and source schema; no field is an official CAMELS rating or calibrated failure probability."
public_release/data/DATA_DICTIONARY.csv,228,official_camels,RESOLVED_GOVERNANCE_CONTEXT,"dashboard_demo_watchlist.parquet,top_1_percent_flag,bool,synthetic institution record,See dashboard methodology and source schema; no field is an official CAMELS rating or calibrated failure probability."
public_release/data/DATA_DICTIONARY.csv,229,failure_probability,RESOLVED_GOVERNANCE_CONTEXT,"dashboard_demo_watchlist.parquet,top_5_percent_flag,bool,synthetic institution record,See dashboard methodology and source schema; no field is an official CAMELS rating or calibrated failure probability."
public_release/data/DATA_DICTIONARY.csv,229,official_camels,RESOLVED_GOVERNANCE_CONTEXT,"dashboard_demo_watchlist.parquet,top_5_percent_flag,bool,synthetic institution record,See dashboard methodology and source schema; no field is an official CAMELS rating or calibrated failure probability."
public_release/data/DATA_DICTIONARY.csv,230,failure_probability,RESOLVED_GOVERNANCE_CONTEXT,"dashboard_demo_watchlist.parquet,top_10_percent_flag,bool,synthetic institution record,See dashboard methodology and source schema; no field is an official CAMELS rating or calibrated failure probability."
public_release/data/DATA_DICTIONARY.csv,230,official_camels,RESOLVED_GOVERNANCE_CONTEXT,"dashboard_demo_watchlist.parquet,top_10_percent_flag,bool,synthetic institution record,See dashboard methodology and source schema; no field is an official CAMELS rating or calibrated failure probability."
public_release/data/DATA_DICTIONARY.csv,231,failure_probability,RESOLVED_GOVERNANCE_CONTEXT,"dashboard_demo_watchlist.parquet,percentile_change_qoq,float64,synthetic institution record,See dashboard methodology and source schema; no field is an official CAMELS rating or calibrated failure probability."
public_release/data/DATA_DICTIONARY.csv,231,official_camels,RESOLVED_GOVERNANCE_CONTEXT,"dashboard_demo_watchlist.parquet,percentile_change_qoq,float64,synthetic institution record,See dashboard methodology and source schema; no field is an official CAMELS rating or calibrated failure probability."
public_release/data/DATA_DICTIONARY.csv,232,failure_probability,RESOLVED_GOVERNANCE_CONTEXT,"dashboard_demo_watchlist.parquet,percentile_change_yoy,float64,synthetic institution record,See dashboard methodology and source schema; no field is an official CAMELS rating or calibrated failure probability."
public_release/data/DATA_DICTIONARY.csv,232,official_camels,RESOLVED_GOVERNANCE_CONTEXT,"dashboard_demo_watchlist.parquet,percentile_change_yoy,float64,synthetic institution record,See dashboard methodology and source schema; no field is an official CAMELS rating or calibrated failure probability."
public_release/data/DATA_DICTIONARY.csv,233,failure_probability,RESOLVED_GOVERNANCE_CONTEXT,"dashboard_demo_watchlist.parquet,alert_status,str,synthetic institution record,See dashboard methodology and source schema; no field is an official CAMELS rating or calibrated failure probability."
public_release/data/DATA_DICTIONARY.csv,233,official_camels,RESOLVED_GOVERNANCE_CONTEXT,"dashboard_demo_watchlist.parquet,alert_status,str,synthetic institution record,See dashboard methodology and source schema; no field is an official CAMELS rating or calibrated failure probability."
public_release/data/DATA_DICTIONARY.csv,234,failure_probability,RESOLVED_GOVERNANCE_CONTEXT,"dashboard_demo_watchlist.parquet,prediction_split,str,synthetic institution record,See dashboard methodology and source schema; no field is an official CAMELS rating or calibrated failure probability."
public_release/data/DATA_DICTIONARY.csv,234,official_camels,RESOLVED_GOVERNANCE_CONTEXT,"dashboard_demo_watchlist.parquet,prediction_split,str,synthetic institution record,See dashboard methodology and source schema; no field is an official CAMELS rating or calibrated failure probability."
public_release/data/DATA_DICTIONARY.csv,235,failure_probability,RESOLVED_GOVERNANCE_CONTEXT,"dashboard_demo_watchlist.parquet,out_of_sample_flag,bool,synthetic institution record,See dashboard methodology and source schema; no field is an official CAMELS rating or calibrated failure probability."
public_release/data/DATA_DICTIONARY.csv,235,official_camels,RESOLVED_GOVERNANCE_CONTEXT,"dashboard_demo_watchlist.parquet,out_of_sample_flag,bool,synthetic institution record,See dashboard methodology and source schema; no field is an official CAMELS rating or calibrated failure probability."
public_release/data/DATA_DICTIONARY.csv,236,failure_probability,RESOLVED_GOVERNANCE_CONTEXT,"dashboard_demo_watchlist.parquet,feature_quality_status,str,synthetic institution record,See dashboard methodology and source schema; no field is an official CAMELS rating or calibrated failure probability."
public_release/data/DATA_DICTIONARY.csv,236,official_camels,RESOLVED_GOVERNANCE_CONTEXT,"dashboard_demo_watchlist.parquet,feature_quality_status,str,synthetic institution record,See dashboard methodology and source schema; no field is an official CAMELS rating or calibrated failure probability."
public_release/data/DATA_DICTIONARY.csv,237,failure_probability,RESOLVED_GOVERNANCE_CONTEXT,"dashboard_demo_watchlist.parquet,peer_benchmark_status,str,synthetic institution record,See dashboard methodology and source schema; no field is an official CAMELS rating or calibrated failure probability."
public_release/data/DATA_DICTIONARY.csv,237,official_camels,RESOLVED_GOVERNANCE_CONTEXT,"dashboard_demo_watchlist.parquet,peer_benchmark_status,str,synthetic institution record,See dashboard methodology and source schema; no field is an official CAMELS rating or calibrated failure probability."
public_release/data/DATA_DICTIONARY.csv,238,failure_probability,RESOLVED_GOVERNANCE_CONTEXT,"dashboard_demo_watchlist.parquet,data_quality_warning,str,synthetic institution record,See dashboard methodology and source schema; no field is an official CAMELS rating or calibrated failure probability."
public_release/data/DATA_DICTIONARY.csv,238,official_camels,RESOLVED_GOVERNANCE_CONTEXT,"dashboard_demo_watchlist.parquet,data_quality_warning,str,synthetic institution record,See dashboard methodology and source schema; no field is an official CAMELS rating or calibrated failure probability."
public_release/data/DATA_DICTIONARY.csv,239,failure_probability,RESOLVED_GOVERNANCE_CONTEXT,"dashboard_demo_watchlist.parquet,model_limitation_warning,str,synthetic institution record,See dashboard methodology and source schema; no field is an official CAMELS rating or calibrated failure probability."
public_release/data/DATA_DICTIONARY.csv,239,official_camels,RESOLVED_GOVERNANCE_CONTEXT,"dashboard_demo_watchlist.parquet,model_limitation_warning,str,synthetic institution record,See dashboard methodology and source schema; no field is an official CAMELS rating or calibrated failure probability."
public_release/data/DATA_DICTIONARY.csv,240,failure_probability,RESOLVED_GOVERNANCE_CONTEXT,"dashboard_demo_watchlist.parquet,top_driver_1,str,synthetic institution record,See dashboard methodology and source schema; no field is an official CAMELS rating or calibrated failure probability."
public_release/data/DATA_DICTIONARY.csv,240,official_camels,RESOLVED_GOVERNANCE_CONTEXT,"dashboard_demo_watchlist.parquet,top_driver_1,str,synthetic institution record,See dashboard methodology and source schema; no field is an official CAMELS rating or calibrated failure probability."
public_release/data/DATA_DICTIONARY.csv,241,failure_probability,RESOLVED_GOVERNANCE_CONTEXT,"dashboard_demo_watchlist.parquet,driver_direction_1,str,synthetic institution record,See dashboard methodology and source schema; no field is an official CAMELS rating or calibrated failure probability."
public_release/data/DATA_DICTIONARY.csv,241,official_camels,RESOLVED_GOVERNANCE_CONTEXT,"dashboard_demo_watchlist.parquet,driver_direction_1,str,synthetic institution record,See dashboard methodology and source schema; no field is an official CAMELS rating or calibrated failure probability."
public_release/data/DATA_DICTIONARY.csv,242,failure_probability,RESOLVED_GOVERNANCE_CONTEXT,"dashboard_demo_watchlist.parquet,current_driver_value_1,float64,synthetic institution record,See dashboard methodology and source schema; no field is an official CAMELS rating or calibrated failure probability."
public_release/data/DATA_DICTIONARY.csv,242,official_camels,RESOLVED_GOVERNANCE_CONTEXT,"dashboard_demo_watchlist.parquet,current_driver_value_1,float64,synthetic institution record,See dashboard methodology and source schema; no field is an official CAMELS rating or calibrated failure probability."
public_release/data/DATA_DICTIONARY.csv,243,failure_probability,RESOLVED_GOVERNANCE_CONTEXT,"dashboard_demo_watchlist.parquet,peer_comparison_1,float64,synthetic institution record,See dashboard methodology and source schema; no field is an official CAMELS rating or calibrated failure probability."
public_release/data/DATA_DICTIONARY.csv,243,official_camels,RESOLVED_GOVERNANCE_CONTEXT,"dashboard_demo_watchlist.parquet,peer_comparison_1,float64,synthetic institution record,See dashboard methodology and source schema; no field is an official CAMELS rating or calibrated failure probability."
public_release/data/DATA_DICTIONARY.csv,244,failure_probability,RESOLVED_GOVERNANCE_CONTEXT,"dashboard_demo_watchlist.parquet,top_driver_2,str,synthetic institution record,See dashboard methodology and source schema; no field is an official CAMELS rating or calibrated failure probability."
public_release/data/DATA_DICTIONARY.csv,244,official_camels,RESOLVED_GOVERNANCE_CONTEXT,"dashboard_demo_watchlist.parquet,top_driver_2,str,synthetic institution record,See dashboard methodology and source schema; no field is an official CAMELS rating or calibrated failure probability."
public_release/data/DATA_DICTIONARY.csv,245,failure_probability,RESOLVED_GOVERNANCE_CONTEXT,"dashboard_demo_watchlist.parquet,driver_direction_2,str,synthetic institution record,See dashboard methodology and source schema; no field is an official CAMELS rating or calibrated failure probability."
public_release/data/DATA_DICTIONARY.csv,245,official_camels,RESOLVED_GOVERNANCE_CONTEXT,"dashboard_demo_watchlist.parquet,driver_direction_2,str,synthetic institution record,See dashboard methodology and source schema; no field is an official CAMELS rating or calibrated failure probability."
public_release/data/DATA_DICTIONARY.csv,246,failure_probability,RESOLVED_GOVERNANCE_CONTEXT,"dashboard_demo_watchlist.parquet,current_driver_value_2,float64,synthetic institution record,See dashboard methodology and source schema; no field is an official CAMELS rating or calibrated failure probability."
public_release/data/DATA_DICTIONARY.csv,246,official_camels,RESOLVED_GOVERNANCE_CONTEXT,"dashboard_demo_watchlist.parquet,current_driver_value_2,float64,synthetic institution record,See dashboard methodology and source schema; no field is an official CAMELS rating or calibrated failure probability."
public_release/data/DATA_DICTIONARY.csv,247,failure_probability,RESOLVED_GOVERNANCE_CONTEXT,"dashboard_demo_watchlist.parquet,peer_comparison_2,float64,synthetic institution record,See dashboard methodology and source schema; no field is an official CAMELS rating or calibrated failure probability."
public_release/data/DATA_DICTIONARY.csv,247,official_camels,RESOLVED_GOVERNANCE_CONTEXT,"dashboard_demo_watchlist.parquet,peer_comparison_2,float64,synthetic institution record,See dashboard methodology and source schema; no field is an official CAMELS rating or calibrated failure probability."
public_release/data/DATA_DICTIONARY.csv,248,failure_probability,RESOLVED_GOVERNANCE_CONTEXT,"dashboard_demo_watchlist.parquet,top_driver_3,str,synthetic institution record,See dashboard methodology and source schema; no field is an official CAMELS rating or calibrated failure probability."
public_release/data/DATA_DICTIONARY.csv,248,official_camels,RESOLVED_GOVERNANCE_CONTEXT,"dashboard_demo_watchlist.parquet,top_driver_3,str,synthetic institution record,See dashboard methodology and source schema; no field is an official CAMELS rating or calibrated failure probability."
public_release/data/DATA_DICTIONARY.csv,249,failure_probability,RESOLVED_GOVERNANCE_CONTEXT,"dashboard_demo_watchlist.parquet,driver_direction_3,str,synthetic institution record,See dashboard methodology and source schema; no field is an official CAMELS rating or calibrated failure probability."
public_release/data/DATA_DICTIONARY.csv,249,official_camels,RESOLVED_GOVERNANCE_CONTEXT,"dashboard_demo_watchlist.parquet,driver_direction_3,str,synthetic institution record,See dashboard methodology and source schema; no field is an official CAMELS rating or calibrated failure probability."
public_release/data/DATA_DICTIONARY.csv,250,failure_probability,RESOLVED_GOVERNANCE_CONTEXT,"dashboard_demo_watchlist.parquet,current_driver_value_3,float64,synthetic institution record,See dashboard methodology and source schema; no field is an official CAMELS rating or calibrated failure probability."
public_release/data/DATA_DICTIONARY.csv,250,official_camels,RESOLVED_GOVERNANCE_CONTEXT,"dashboard_demo_watchlist.parquet,current_driver_value_3,float64,synthetic institution record,See dashboard methodology and source schema; no field is an official CAMELS rating or calibrated failure probability."
public_release/data/DATA_DICTIONARY.csv,251,failure_probability,RESOLVED_GOVERNANCE_CONTEXT,"dashboard_demo_watchlist.parquet,peer_comparison_3,float64,synthetic institution record,See dashboard methodology and source schema; no field is an official CAMELS rating or calibrated failure probability."
public_release/data/DATA_DICTIONARY.csv,251,official_camels,RESOLVED_GOVERNANCE_CONTEXT,"dashboard_demo_watchlist.parquet,peer_comparison_3,float64,synthetic institution record,See dashboard methodology and source schema; no field is an official CAMELS rating or calibrated failure probability."
public_release/data/DATA_DICTIONARY.csv,252,failure_probability,RESOLVED_GOVERNANCE_CONTEXT,"dashboard_demo_watchlist.parquet,dashboard_build_run_id,str,synthetic institution record,See dashboard methodology and source schema; no field is an official CAMELS rating or calibrated failure probability."
public_release/data/DATA_DICTIONARY.csv,252,official_camels,RESOLVED_GOVERNANCE_CONTEXT,"dashboard_demo_watchlist.parquet,dashboard_build_run_id,str,synthetic institution record,See dashboard methodology and source schema; no field is an official CAMELS rating or calibrated failure probability."
public_release/data/DATA_DICTIONARY.csv,253,failure_probability,RESOLVED_GOVERNANCE_CONTEXT,"dashboard_demo_watchlist.parquet,dashboard_configuration_hash,str,synthetic institution record,See dashboard methodology and source schema; no field is an official CAMELS rating or calibrated failure probability."
public_release/data/DATA_DICTIONARY.csv,253,official_camels,RESOLVED_GOVERNANCE_CONTEXT,"dashboard_demo_watchlist.parquet,dashboard_configuration_hash,str,synthetic institution record,See dashboard methodology and source schema; no field is an official CAMELS rating or calibrated failure probability."
public_release/data/DATA_DICTIONARY.csv,254,failure_probability,RESOLVED_GOVERNANCE_CONTEXT,"dashboard_demo_watchlist.parquet,frozen_model_version,str,synthetic institution record,See dashboard methodology and source schema; no field is an official CAMELS rating or calibrated failure probability."
public_release/data/DATA_DICTIONARY.csv,254,official_camels,RESOLVED_GOVERNANCE_CONTEXT,"dashboard_demo_watchlist.parquet,frozen_model_version,str,synthetic institution record,See dashboard methodology and source schema; no field is an official CAMELS rating or calibrated failure probability."
public_release/data/DATA_DICTIONARY.csv,255,failure_probability,RESOLVED_GOVERNANCE_CONTEXT,"dashboard_demo_watchlist.parquet,prediction_source_hash,str,synthetic institution record,See dashboard methodology and source schema; no field is an official CAMELS rating or calibrated failure probability."
public_release/data/DATA_DICTIONARY.csv,255,official_camels,RESOLVED_GOVERNANCE_CONTEXT,"dashboard_demo_watchlist.parquet,prediction_source_hash,str,synthetic institution record,See dashboard methodology and source schema; no field is an official CAMELS rating or calibrated failure probability."
public_release/data/DATA_DICTIONARY.csv,256,failure_probability,RESOLVED_GOVERNANCE_CONTEXT,"dashboard_demo_watchlist.parquet,source_lineage,str,synthetic institution record,See dashboard methodology and source schema; no field is an official CAMELS rating or calibrated failure probability."
public_release/data/DATA_DICTIONARY.csv,256,official_camels,RESOLVED_GOVERNANCE_CONTEXT,"dashboard_demo_watchlist.parquet,source_lineage,str,synthetic institution record,See dashboard methodology and source schema; no field is an official CAMELS rating or calibrated failure probability."
public_release/data/DATA_DICTIONARY.csv,257,failure_probability,RESOLVED_GOVERNANCE_CONTEXT,"dashboard_demo_watchlist.parquet,build_timestamp,str,synthetic institution record,See dashboard methodology and source schema; no field is an official CAMELS rating or calibrated failure probability."
public_release/data/DATA_DICTIONARY.csv,257,official_camels,RESOLVED_GOVERNANCE_CONTEXT,"dashboard_demo_watchlist.parquet,build_timestamp,str,synthetic institution record,See dashboard methodology and source schema; no field is an official CAMELS rating or calibrated failure probability."
public_release/data/DATA_DICTIONARY.csv,258,failure_probability,RESOLVED_GOVERNANCE_CONTEXT,"dashboard_demo_watchlist.parquet,validation_status,str,synthetic institution record,See dashboard methodology and source schema; no field is an official CAMELS rating or calibrated failure probability."
public_release/data/DATA_DICTIONARY.csv,258,official_camels,RESOLVED_GOVERNANCE_CONTEXT,"dashboard_demo_watchlist.parquet,validation_status,str,synthetic institution record,See dashboard methodology and source schema; no field is an official CAMELS rating or calibrated failure probability."
public_release/data/DATA_DICTIONARY.csv,259,failure_probability,RESOLVED_GOVERNANCE_CONTEXT,"synthetic_bank_quarter_sample.parquet,cert,int64,synthetic institution record,See dashboard methodology and source schema; no field is an official CAMELS rating or calibrated failure probability."
public_release/data/DATA_DICTIONARY.csv,259,official_camels,RESOLVED_GOVERNANCE_CONTEXT,"synthetic_bank_quarter_sample.parquet,cert,int64,synthetic institution record,See dashboard methodology and source schema; no field is an official CAMELS rating or calibrated failure probability."
public_release/data/DATA_DICTIONARY.csv,260,failure_probability,RESOLVED_GOVERNANCE_CONTEXT,"synthetic_bank_quarter_sample.parquet,rssdid,int64,synthetic institution record,See dashboard methodology and source schema; no field is an official CAMELS rating or calibrated failure probability."
public_release/data/DATA_DICTIONARY.csv,260,official_camels,RESOLVED_GOVERNANCE_CONTEXT,"synthetic_bank_quarter_sample.parquet,rssdid,int64,synthetic institution record,See dashboard methodology and source schema; no field is an official CAMELS rating or calibrated failure probability."
public_release/data/DATA_DICTIONARY.csv,261,failure_probability,RESOLVED_GOVERNANCE_CONTEXT,"synthetic_bank_quarter_sample.parquet,bank_name,str,synthetic institution record,See dashboard methodology and source schema; no field is an official CAMELS rating or calibrated failure probability."
public_release/data/DATA_DICTIONARY.csv,261,official_camels,RESOLVED_GOVERNANCE_CONTEXT,"synthetic_bank_quarter_sample.parquet,bank_name,str,synthetic institution record,See dashboard methodology and source schema; no field is an official CAMELS rating or calibrated failure probability."
public_release/data/DATA_DICTIONARY.csv,262,failure_probability,RESOLVED_GOVERNANCE_CONTEXT,"synthetic_bank_quarter_sample.parquet,state,str,synthetic institution record,See dashboard methodology and source schema; no field is an official CAMELS rating or calibrated failure probability."
public_release/data/DATA_DICTIONARY.csv,262,official_camels,RESOLVED_GOVERNANCE_CONTEXT,"synthetic_bank_quarter_sample.parquet,state,str,synthetic institution record,See dashboard methodology and source schema; no field is an official CAMELS rating or calibrated failure probability."
public_release/data/DATA_DICTIONARY.csv,263,failure_probability,RESOLVED_GOVERNANCE_CONTEXT,"synthetic_bank_quarter_sample.parquet,reporting_date,datetime64[us],synthetic institution record,See dashboard methodology and source schema; no field is an official CAMELS rating or calibrated failure probability."
public_release/data/DATA_DICTIONARY.csv,263,official_camels,RESOLVED_GOVERNANCE_CONTEXT,"synthetic_bank_quarter_sample.parquet,reporting_date,datetime64[us],synthetic institution record,See dashboard methodology and source schema; no field is an official CAMELS rating or calibrated failure probability."
public_release/data/DATA_DICTIONARY.csv,264,failure_probability,RESOLVED_GOVERNANCE_CONTEXT,"synthetic_bank_quarter_sample.parquet,asset_size_band,str,synthetic institution record,See dashboard methodology and source schema; no field is an official CAMELS rating or calibrated failure probability."
public_release/data/DATA_DICTIONARY.csv,264,official_camels,RESOLVED_GOVERNANCE_CONTEXT,"synthetic_bank_quarter_sample.parquet,asset_size_band,str,synthetic institution record,See dashboard methodology and source schema; no field is an official CAMELS rating or calibrated failure probability."
public_release/data/DATA_DICTIONARY.csv,265,failure_probability,RESOLVED_GOVERNANCE_CONTEXT,"synthetic_bank_quarter_sample.parquet,bank_class,str,synthetic institution record,See dashboard methodology and source schema; no field is an official CAMELS rating or calibrated failure probability."
public_release/data/DATA_DICTIONARY.csv,265,official_camels,RESOLVED_GOVERNANCE_CONTEXT,"synthetic_bank_quarter_sample.parquet,bank_class,str,synthetic institution record,See dashboard methodology and source schema; no field is an official CAMELS rating or calibrated failure probability."
public_release/data/DATA_DICTIONARY.csv,266,failure_probability,RESOLVED_GOVERNANCE_CONTEXT,"synthetic_bank_quarter_sample.parquet,equity_to_assets,float64,synthetic institution record,See dashboard methodology and source schema; no field is an official CAMELS rating or calibrated failure probability."
public_release/data/DATA_DICTIONARY.csv,266,official_camels,RESOLVED_GOVERNANCE_CONTEXT,"synthetic_bank_quarter_sample.parquet,equity_to_assets,float64,synthetic institution record,See dashboard methodology and source schema; no field is an official CAMELS rating or calibrated failure probability."
public_release/data/DATA_DICTIONARY.csv,267,failure_probability,RESOLVED_GOVERNANCE_CONTEXT,"synthetic_bank_quarter_sample.parquet,equity_change_yoy_pct,float64,synthetic institution record,See dashboard methodology and source schema; no field is an official CAMELS rating or calibrated failure probability."
public_release/data/DATA_DICTIONARY.csv,267,official_camels,RESOLVED_GOVERNANCE_CONTEXT,"synthetic_bank_quarter_sample.parquet,equity_change_yoy_pct,float64,synthetic institution record,See dashboard methodology and source schema; no field is an official CAMELS rating or calibrated failure probability."
public_release/data/DATA_DICTIONARY.csv,268,failure_probability,RESOLVED_GOVERNANCE_CONTEXT,"synthetic_bank_quarter_sample.parquet,noncurrent_assets_to_total_loans,float64,synthetic institution record,See dashboard methodology and source schema; no field is an official CAMELS rating or calibrated failure probability."
public_release/data/DATA_DICTIONARY.csv,268,official_camels,RESOLVED_GOVERNANCE_CONTEXT,"synthetic_bank_quarter_sample.parquet,noncurrent_assets_to_total_loans,float64,synthetic institution record,See dashboard methodology and source schema; no field is an official CAMELS rating or calibrated failure probability."
public_release/data/DATA_DICTIONARY.csv,269,failure_probability,RESOLVED_GOVERNANCE_CONTEXT,"synthetic_bank_quarter_sample.parquet,past_due_30_89_to_total_loans,float64,synthetic institution record,See dashboard methodology and source schema; no field is an official CAMELS rating or calibrated failure probability."
public_release/data/DATA_DICTIONARY.csv,269,official_camels,RESOLVED_GOVERNANCE_CONTEXT,"synthetic_bank_quarter_sample.parquet,past_due_30_89_to_total_loans,float64,synthetic institution record,See dashboard methodology and source schema; no field is an official CAMELS rating or calibrated failure probability."
public_release/data/DATA_DICTIONARY.csv,270,failure_probability,RESOLVED_GOVERNANCE_CONTEXT,"synthetic_bank_quarter_sample.parquet,return_on_assets,float64,synthetic institution record,See dashboard methodology and source schema; no field is an official CAMELS rating or calibrated failure probability."
public_release/data/DATA_DICTIONARY.csv,270,official_camels,RESOLVED_GOVERNANCE_CONTEXT,"synthetic_bank_quarter_sample.parquet,return_on_assets,float64,synthetic institution record,See dashboard methodology and source schema; no field is an official CAMELS rating or calibrated failure probability."
public_release/data/DATA_DICTIONARY.csv,271,failure_probability,RESOLVED_GOVERNANCE_CONTEXT,"synthetic_bank_quarter_sample.parquet,return_on_equity,float64,synthetic institution record,See dashboard methodology and source schema; no field is an official CAMELS rating or calibrated failure probability."
public_release/data/DATA_DICTIONARY.csv,271,official_camels,RESOLVED_GOVERNANCE_CONTEXT,"synthetic_bank_quarter_sample.parquet,return_on_equity,float64,synthetic institution record,See dashboard methodology and source schema; no field is an official CAMELS rating or calibrated failure probability."
public_release/data/DATA_DICTIONARY.csv,272,failure_probability,RESOLVED_GOVERNANCE_CONTEXT,"synthetic_bank_quarter_sample.parquet,net_interest_margin,float64,synthetic institution record,See dashboard methodology and source schema; no field is an official CAMELS rating or calibrated failure probability."
public_release/data/DATA_DICTIONARY.csv,272,official_camels,RESOLVED_GOVERNANCE_CONTEXT,"synthetic_bank_quarter_sample.parquet,net_interest_margin,float64,synthetic institution record,See dashboard methodology and source schema; no field is an official CAMELS rating or calibrated failure probability."
public_release/data/DATA_DICTIONARY.csv,273,failure_probability,RESOLVED_GOVERNANCE_CONTEXT,"synthetic_bank_quarter_sample.parquet,efficiency_ratio,float64,synthetic institution record,See dashboard methodology and source schema; no field is an official CAMELS rating or calibrated failure probability."
public_release/data/DATA_DICTIONARY.csv,273,official_camels,RESOLVED_GOVERNANCE_CONTEXT,"synthetic_bank_quarter_sample.parquet,efficiency_ratio,float64,synthetic institution record,See dashboard methodology and source schema; no field is an official CAMELS rating or calibrated failure probability."
public_release/data/DATA_DICTIONARY.csv,274,failure_probability,RESOLVED_GOVERNANCE_CONTEXT,"synthetic_bank_quarter_sample.parquet,liquid_assets_to_total_assets,float64,synthetic institution record,See dashboard methodology and source schema; no field is an official CAMELS rating or calibrated failure probability."
public_release/data/DATA_DICTIONARY.csv,274,official_camels,RESOLVED_GOVERNANCE_CONTEXT,"synthetic_bank_quarter_sample.parquet,liquid_assets_to_total_assets,float64,synthetic institution record,See dashboard methodology and source schema; no field is an official CAMELS rating or calibrated failure probability."
public_release/data/DATA_DICTIONARY.csv,275,failure_probability,RESOLVED_GOVERNANCE_CONTEXT,"synthetic_bank_quarter_sample.parquet,loans_to_deposits,float64,synthetic institution record,See dashboard methodology and source schema; no field is an official CAMELS rating or calibrated failure probability."
public_release/data/DATA_DICTIONARY.csv,275,official_camels,RESOLVED_GOVERNANCE_CONTEXT,"synthetic_bank_quarter_sample.parquet,loans_to_deposits,float64,synthetic institution record,See dashboard methodology and source schema; no field is an official CAMELS rating or calibrated failure probability."
public_release/data/DATA_DICTIONARY.csv,276,failure_probability,RESOLVED_GOVERNANCE_CONTEXT,"synthetic_bank_quarter_sample.parquet,deposits_to_total_assets,float64,synthetic institution record,See dashboard methodology and source schema; no field is an official CAMELS rating or calibrated failure probability."
public_release/data/DATA_DICTIONARY.csv,276,official_camels,RESOLVED_GOVERNANCE_CONTEXT,"synthetic_bank_quarter_sample.parquet,deposits_to_total_assets,float64,synthetic institution record,See dashboard methodology and source schema; no field is an official CAMELS rating or calibrated failure probability."
public_release/data/DATA_DICTIONARY.csv,277,failure_probability,RESOLVED_GOVERNANCE_CONTEXT,"synthetic_bank_quarter_sample.parquet,fhlb_advances_to_total_assets,float64,synthetic institution record,See dashboard methodology and source schema; no field is an official CAMELS rating or calibrated failure probability."
public_release/data/DATA_DICTIONARY.csv,277,official_camels,RESOLVED_GOVERNANCE_CONTEXT,"synthetic_bank_quarter_sample.parquet,fhlb_advances_to_total_assets,float64,synthetic institution record,See dashboard methodology and source schema; no field is an official CAMELS rating or calibrated failure probability."
public_release/data/DATA_DICTIONARY.csv,278,failure_probability,RESOLVED_GOVERNANCE_CONTEXT,"synthetic_bank_quarter_sample.parquet,deposit_growth_yoy_pct,float64,synthetic institution record,See dashboard methodology and source schema; no field is an official CAMELS rating or calibrated failure probability."
public_release/data/DATA_DICTIONARY.csv,278,official_camels,RESOLVED_GOVERNANCE_CONTEXT,"synthetic_bank_quarter_sample.parquet,deposit_growth_yoy_pct,float64,synthetic institution record,See dashboard methodology and source schema; no field is an official CAMELS rating or calibrated failure probability."
public_release/data/DATA_DICTIONARY.csv,279,failure_probability,RESOLVED_GOVERNANCE_CONTEXT,"synthetic_bank_quarter_sample.parquet,funding_cost,float64,synthetic institution record,See dashboard methodology and source schema; no field is an official CAMELS rating or calibrated failure probability."
public_release/data/DATA_DICTIONARY.csv,279,official_camels,RESOLVED_GOVERNANCE_CONTEXT,"synthetic_bank_quarter_sample.parquet,funding_cost,float64,synthetic institution record,See dashboard methodology and source schema; no field is an official CAMELS rating or calibrated failure probability."
public_release/data/DATA_DICTIONARY.csv,280,failure_probability,RESOLVED_GOVERNANCE_CONTEXT,"synthetic_bank_quarter_sample.parquet,loan_concentration_hhi,float64,synthetic institution record,See dashboard methodology and source schema; no field is an official CAMELS rating or calibrated failure probability."
public_release/data/DATA_DICTIONARY.csv,280,official_camels,RESOLVED_GOVERNANCE_CONTEXT,"synthetic_bank_quarter_sample.parquet,loan_concentration_hhi,float64,synthetic institution record,See dashboard methodology and source schema; no field is an official CAMELS rating or calibrated failure probability."
public_release/data/DATA_DICTIONARY.csv,281,failure_probability,RESOLVED_GOVERNANCE_CONTEXT,"synthetic_bank_quarter_sample.parquet,largest_reported_loan_category_share,float64,synthetic institution record,See dashboard methodology and source schema; no field is an official CAMELS rating or calibrated failure probability."
public_release/data/DATA_DICTIONARY.csv,281,official_camels,RESOLVED_GOVERNANCE_CONTEXT,"synthetic_bank_quarter_sample.parquet,largest_reported_loan_category_share,float64,synthetic institution record,See dashboard methodology and source schema; no field is an official CAMELS rating or calibrated failure probability."
public_release/data/DATA_DICTIONARY.csv,282,failure_probability,RESOLVED_GOVERNANCE_CONTEXT,"synthetic_bank_quarter_sample.parquet,total_asset_growth_yoy_pct,float64,synthetic institution record,See dashboard methodology and source schema; no field is an official CAMELS rating or calibrated failure probability."
public_release/data/DATA_DICTIONARY.csv,282,official_camels,RESOLVED_GOVERNANCE_CONTEXT,"synthetic_bank_quarter_sample.parquet,total_asset_growth_yoy_pct,float64,synthetic institution record,See dashboard methodology and source schema; no field is an official CAMELS rating or calibrated failure probability."
public_release/data/DATA_DICTIONARY.csv,283,failure_probability,RESOLVED_GOVERNANCE_CONTEXT,"synthetic_bank_quarter_sample.parquet,total_loan_growth_yoy_pct,float64,synthetic institution record,See dashboard methodology and source schema; no field is an official CAMELS rating or calibrated failure probability."
public_release/data/DATA_DICTIONARY.csv,283,official_camels,RESOLVED_GOVERNANCE_CONTEXT,"synthetic_bank_quarter_sample.parquet,total_loan_growth_yoy_pct,float64,synthetic institution record,See dashboard methodology and source schema; no field is an official CAMELS rating or calibrated failure probability."
public_release/data/DATA_DICTIONARY.csv,284,failure_probability,RESOLVED_GOVERNANCE_CONTEXT,"synthetic_bank_quarter_sample.parquet,loan_growth_minus_deposit_growth,float64,synthetic institution record,See dashboard methodology and source schema; no field is an official CAMELS rating or calibrated failure probability."
public_release/data/DATA_DICTIONARY.csv,284,official_camels,RESOLVED_GOVERNANCE_CONTEXT,"synthetic_bank_quarter_sample.parquet,loan_growth_minus_deposit_growth,float64,synthetic institution record,See dashboard methodology and source schema; no field is an official CAMELS rating or calibrated failure probability."
public_release/reports/dashboard_language_scan.csv,2,failure_probability,RESOLVED_GOVERNANCE_CONTEXT,"src/dashboard/language.py,11,probability of failure,""""""probability of failure"""", """"failure probability"""", """"probability of default"""", """"will fail"""","",ALLOWED_CONTROL_DEFINITION"
public_release/reports/dashboard_language_scan.csv,2,will_fail,RESOLVED_GOVERNANCE_CONTEXT,"src/dashboard/language.py,11,probability of failure,""""""probability of failure"""", """"failure probability"""", """"probability of default"""", """"will fail"""","",ALLOWED_CONTROL_DEFINITION"
public_release/reports/dashboard_language_scan.csv,3,failure_probability,RESOLVED_GOVERNANCE_CONTEXT,"src/dashboard/language.py,11,failure probability,""""""probability of failure"""", """"failure probability"""", """"probability of default"""", """"will fail"""","",ALLOWED_CONTROL_DEFINITION"
public_release/reports/dashboard_language_scan.csv,3,will_fail,RESOLVED_GOVERNANCE_CONTEXT,"src/dashboard/language.py,11,failure probability,""""""probability of failure"""", """"failure probability"""", """"probability of default"""", """"will fail"""","",ALLOWED_CONTROL_DEFINITION"
public_release/reports/dashboard_language_scan.csv,4,failure_probability,RESOLVED_GOVERNANCE_CONTEXT,"src/dashboard/language.py,11,probability of default,""""""probability of failure"""", """"failure probability"""", """"probability of default"""", """"will fail"""","",ALLOWED_CONTROL_DEFINITION"
public_release/reports/dashboard_language_scan.csv,4,will_fail,RESOLVED_GOVERNANCE_CONTEXT,"src/dashboard/language.py,11,probability of default,""""""probability of failure"""", """"failure probability"""", """"probability of default"""", """"will fail"""","",ALLOWED_CONTROL_DEFINITION"
public_release/reports/dashboard_language_scan.csv,5,failure_probability,RESOLVED_GOVERNANCE_CONTEXT,"src/dashboard/language.py,11,will fail,""""""probability of failure"""", """"failure probability"""", """"probability of default"""", """"will fail"""","",ALLOWED_CONTROL_DEFINITION"
public_release/reports/dashboard_language_scan.csv,5,will_fail,RESOLVED_GOVERNANCE_CONTEXT,"src/dashboard/language.py,11,will fail,""""""probability of failure"""", """"failure probability"""", """"probability of default"""", """"will fail"""","",ALLOWED_CONTROL_DEFINITION"
public_release/reports/dashboard_language_scan.csv,6,likely_to_fail,RESOLVED_GOVERNANCE_CONTEXT,"src/dashboard/language.py,12,likely to fail,""""""likely to fail"""", """"official camels"""", """"regulatory rating"""", """"safe bank"""", """"unsafe bank"""","",ALLOWED_CONTROL_DEFINITION"
public_release/reports/dashboard_language_scan.csv,6,official_camels,RESOLVED_GOVERNANCE_CONTEXT,"src/dashboard/language.py,12,likely to fail,""""""likely to fail"""", """"official camels"""", """"regulatory rating"""", """"safe bank"""", """"unsafe bank"""","",ALLOWED_CONTROL_DEFINITION"
public_release/reports/dashboard_language_scan.csv,7,likely_to_fail,RESOLVED_GOVERNANCE_CONTEXT,"src/dashboard/language.py,12,official camels,""""""likely to fail"""", """"official camels"""", """"regulatory rating"""", """"safe bank"""", """"unsafe bank"""","",ALLOWED_CONTROL_DEFINITION"
public_release/reports/dashboard_language_scan.csv,7,official_camels,RESOLVED_GOVERNANCE_CONTEXT,"src/dashboard/language.py,12,official camels,""""""likely to fail"""", """"official camels"""", """"regulatory rating"""", """"safe bank"""", """"unsafe bank"""","",ALLOWED_CONTROL_DEFINITION"
public_release/reports/dashboard_language_scan.csv,8,likely_to_fail,RESOLVED_GOVERNANCE_CONTEXT,"src/dashboard/language.py,12,regulatory rating,""""""likely to fail"""", """"official camels"""", """"regulatory rating"""", """"safe bank"""", """"unsafe bank"""","",ALLOWED_CONTROL_DEFINITION"
public_release/reports/dashboard_language_scan.csv,8,official_camels,RESOLVED_GOVERNANCE_CONTEXT,"src/dashboard/language.py,12,regulatory rating,""""""likely to fail"""", """"official camels"""", """"regulatory rating"""", """"safe bank"""", """"unsafe bank"""","",ALLOWED_CONTROL_DEFINITION"
public_release/reports/dashboard_language_scan.csv,9,likely_to_fail,RESOLVED_GOVERNANCE_CONTEXT,"src/dashboard/language.py,12,safe bank,""""""likely to fail"""", """"official camels"""", """"regulatory rating"""", """"safe bank"""", """"unsafe bank"""","",ALLOWED_CONTROL_DEFINITION"
public_release/reports/dashboard_language_scan.csv,9,official_camels,RESOLVED_GOVERNANCE_CONTEXT,"src/dashboard/language.py,12,safe bank,""""""likely to fail"""", """"official camels"""", """"regulatory rating"""", """"safe bank"""", """"unsafe bank"""","",ALLOWED_CONTROL_DEFINITION"
public_release/reports/dashboard_language_scan.csv,10,likely_to_fail,RESOLVED_GOVERNANCE_CONTEXT,"src/dashboard/language.py,12,unsafe bank,""""""likely to fail"""", """"official camels"""", """"regulatory rating"""", """"safe bank"""", """"unsafe bank"""","",ALLOWED_CONTROL_DEFINITION"
public_release/reports/dashboard_language_scan.csv,10,official_camels,RESOLVED_GOVERNANCE_CONTEXT,"src/dashboard/language.py,12,unsafe bank,""""""likely to fail"""", """"official camels"""", """"regulatory rating"""", """"safe bank"""", """"unsafe bank"""","",ALLOWED_CONTROL_DEFINITION"
public_release/reports/dashboard_language_scan.csv,11,guaranteed,RESOLVED_GOVERNANCE_CONTEXT,"src/dashboard/language.py,13,guaranteed,""""""guaranteed"""", """"predicts failure with certainty"""", """"investment recommendation"""","",ALLOWED_CONTROL_DEFINITION"
public_release/reports/dashboard_language_scan.csv,12,guaranteed,RESOLVED_GOVERNANCE_CONTEXT,"src/dashboard/language.py,13,predicts failure with certainty,""""""guaranteed"""", """"predicts failure with certainty"""", """"investment recommendation"""","",ALLOWED_CONTROL_DEFINITION"
public_release/reports/dashboard_language_scan.csv,13,guaranteed,RESOLVED_GOVERNANCE_CONTEXT,"src/dashboard/language.py,13,investment recommendation,""""""guaranteed"""", """"predicts failure with certainty"""", """"investment recommendation"""","",ALLOWED_CONTROL_DEFINITION"
public_release/reports/dashboard_language_scan.csv,14,will_fail,RESOLVED_GOVERNANCE_CONTEXT,"configs/dashboard_disclaimers.yaml,1,will fail,""{""""bank_detail"""":""""An elevated ranking indicates stronger public-data risk indicators relative to peers. It does not mean that the institution will fail."""",""""configuration_hash"""":""""e0a0191ad70"
public_release/reports/dashboard_language_scan.csv,14,official_camels,RESOLVED_GOVERNANCE_CONTEXT,"configs/dashboard_disclaimers.yaml,1,will fail,""{""""bank_detail"""":""""An elevated ranking indicates stronger public-data risk indicators relative to peers. It does not mean that the institution will fail."""",""""configuration_hash"""":""""e0a0191ad70"
public_release/reports/dashboard_language_scan.csv,15,will_fail,RESOLVED_GOVERNANCE_CONTEXT,"configs/dashboard_disclaimers.yaml,1,official camels,""{""""bank_detail"""":""""An elevated ranking indicates stronger public-data risk indicators relative to peers. It does not mean that the institution will fail."""",""""configuration_hash"""":""""e0a01"
public_release/reports/dashboard_language_scan.csv,15,official_camels,RESOLVED_GOVERNANCE_CONTEXT,"configs/dashboard_disclaimers.yaml,1,official camels,""{""""bank_detail"""":""""An elevated ranking indicates stronger public-data risk indicators relative to peers. It does not mean that the institution will fail."""",""""configuration_hash"""":""""e0a01"
public_release/reports/dashboard_language_scan.csv,16,will_fail,RESOLVED_GOVERNANCE_CONTEXT,"configs/dashboard_disclaimers.yaml,1,investment recommendation,""{""""bank_detail"""":""""An elevated ranking indicates stronger public-data risk indicators relative to peers. It does not mean that the institution will fail."""",""""configuration_hash"
public_release/reports/dashboard_language_scan.csv,16,official_camels,RESOLVED_GOVERNANCE_CONTEXT,"configs/dashboard_disclaimers.yaml,1,investment recommendation,""{""""bank_detail"""":""""An elevated ranking indicates stronger public-data risk indicators relative to peers. It does not mean that the institution will fail."""",""""configuration_hash"
public_release/reports/dashboard_language_scan.csv,17,will_fail,RESOLVED_GOVERNANCE_CONTEXT,"configs/dashboard_risk_tiers.yaml,1,will fail,""{""""configuration_hash"""":""""b27662cceb5e3a648413c95ce8dd102cf6c190ebd173c63c02adf1b1f091314a"""",""""limitations"""":""""Tiers are relative same-quarter rankings and do not represent calibrated event lik"
public_release/reports/dashboard_language_scan.csv,17,likely_to_fail,RESOLVED_GOVERNANCE_CONTEXT,"configs/dashboard_risk_tiers.yaml,1,will fail,""{""""configuration_hash"""":""""b27662cceb5e3a648413c95ce8dd102cf6c190ebd173c63c02adf1b1f091314a"""",""""limitations"""":""""Tiers are relative same-quarter rankings and do not represent calibrated event lik"
public_release/reports/dashboard_language_scan.csv,17,regulatory_grade,RESOLVED_GOVERNANCE_CONTEXT,"configs/dashboard_risk_tiers.yaml,1,will fail,""{""""configuration_hash"""":""""b27662cceb5e3a648413c95ce8dd102cf6c190ebd173c63c02adf1b1f091314a"""",""""limitations"""":""""Tiers are relative same-quarter rankings and do not represent calibrated event lik"
public_release/reports/dashboard_language_scan.csv,18,will_fail,RESOLVED_GOVERNANCE_CONTEXT,"configs/dashboard_risk_tiers.yaml,1,likely to fail,""{""""configuration_hash"""":""""b27662cceb5e3a648413c95ce8dd102cf6c190ebd173c63c02adf1b1f091314a"""",""""limitations"""":""""Tiers are relative same-quarter rankings and do not represent calibrated even"
public_release/reports/dashboard_language_scan.csv,18,likely_to_fail,RESOLVED_GOVERNANCE_CONTEXT,"configs/dashboard_risk_tiers.yaml,1,likely to fail,""{""""configuration_hash"""":""""b27662cceb5e3a648413c95ce8dd102cf6c190ebd173c63c02adf1b1f091314a"""",""""limitations"""":""""Tiers are relative same-quarter rankings and do not represent calibrated even"
public_release/reports/dashboard_language_scan.csv,18,regulatory_grade,RESOLVED_GOVERNANCE_CONTEXT,"configs/dashboard_risk_tiers.yaml,1,likely to fail,""{""""configuration_hash"""":""""b27662cceb5e3a648413c95ce8dd102cf6c190ebd173c63c02adf1b1f091314a"""",""""limitations"""":""""Tiers are relative same-quarter rankings and do not represent calibrated even"
public_release/reports/dashboard_language_scan.csv,19,guaranteed,RESOLVED_GOVERNANCE_CONTEXT,"docs/PHASE7_PUBLIC_RELEASE_READINESS.md,6,guaranteed,""2. Probability, regulatory, guaranteed-outcome, and investment claims are excluded or explicitly negated."",ALLOWED_NEGATED_EXPLANATION"
public_release/reports/dashboard_language_scan.csv,20,guaranteed,RESOLVED_GOVERNANCE_CONTEXT,"src/dashboard/app_pages.py,312,guaranteed,- The platform provides no regulatory or investment advice and makes no guaranteed institution-level prediction.,ALLOWED_NEGATED_EXPLANATION"
README.md,5,official_camels,RESOLVED_GOVERNANCE_CONTEXT,"> This is a research ranking model—not a calibrated failure-probability model, official CAMELS rating, supervisory tool, or investment recommendation. The public demo uses synthetic institutions."
README.md,11,precision_misstatement,RESOLVED_GOVERNANCE_CONTEXT,"That result is evidence of ranking signal in this test, not a 14.8% precision claim. Calibration was weak (slope 0.315), the event count was small, and performance varied materially by year and asset-size band. Of 5,670 top-5% bank-quarter "
README.md,54,official_camels,RESOLVED_GOVERNANCE_CONTEXT,"- Risk indicators: 65 documented capital, asset-quality, earnings, liquidity/funding, concentration, growth, temporal, and quality measures; these are never described as official CAMELS ratings."
RESPONSIBLE_USE.md,5,will_fail,RESOLVED_GOVERNANCE_CONTEXT,"Do not use it for official bank supervision, depositor decisions, bank-run speculation, trading recommendations, lending decisions, regulatory enforcement, public accusations against an institution, or claims that an institution will fail. "
scripts/generate_risk_feature_dictionary.py,27,official_camels,RESOLVED_GOVERNANCE_CONTEXT,"""These are transparent **public-data CAMELS-style risk indicators**, not official CAMELS ratings. Raw calculated values are preserved; nulls are not imputed; unsupported regulatory fields are excluded."","
scripts/prepare_dashboard_configs.py,77,regulatory_grade,RESOLVED_GOVERNANCE_CONTEXT,"{""display_name"": ""Moderate"", ""lower_inclusive"": 50.0, ""upper_exclusive"": 90.0, ""interpretation"": ""Between median and 90th percentile"", ""permitted_wording"": ""Monitor relative indicators"", ""prohibited_wording"": ""Regulatory grade"", ""top_5_rela"
scripts/prepare_dashboard_configs.py,78,likely_to_fail,RESOLVED_GOVERNANCE_CONTEXT,"{""display_name"": ""Elevated"", ""lower_inclusive"": 90.0, ""upper_exclusive"": 95.0, ""interpretation"": ""Elevated same-quarter public-data indicators"", ""permitted_wording"": ""Elevated indicators"", ""prohibited_wording"": ""Likely to fail"", ""top_5_rela"
scripts/prepare_dashboard_configs.py,80,will_fail,RESOLVED_GOVERNANCE_CONTEXT,"{""display_name"": ""Highest monitored tier"", ""lower_inclusive"": 99.0, ""upper_exclusive"": 100.000001, ""interpretation"": ""Top-1% relative indicators"", ""permitted_wording"": ""Highest monitored ranking tier"", ""prohibited_wording"": ""Will fail"", ""to"
scripts/prepare_dashboard_configs.py,101,official_camels,RESOLVED_GOVERNANCE_CONTEXT,"""persistent"": ""This platform ranks institutions relative to other eligible banks in the same reporting quarter using public FDIC data. Scores are not calibrated failure probabilities, official CAMELS ratings, regulatory determinations, or i"
scripts/prepare_dashboard_configs.py,102,will_fail,RESOLVED_GOVERNANCE_CONTEXT,"""bank_detail"": ""An elevated ranking indicates stronger public-data risk indicators relative to peers. It does not mean that the institution will fail."","
scripts/prepare_dashboard_configs.py,103,will_fail,RESOLVED_GOVERNANCE_CONTEXT,"""ranking_interpretation"": ""An elevated ranking indicates stronger public-data risk indicators relative to other eligible institutions in the same reporting quarter. It does not mean that the institution will fail."","
scripts/prepare_risk_feature_configs.py,64,official_camels,RESOLVED_GOVERNANCE_CONTEXT,"(""capital_deterioration_flag"", ""Capital"", ""capital trend evidence"", ""none"", ""1 when equity ratio falls materially"", ""flag"", ""Higher value = higher risk"", ""not applicable"", False, ""Derived"", False, [""1Q"", ""4Q""], ""Screening flag, not an offic"
scripts/run_public_quality_gate.py,37,guaranteed,RESOLVED_GOVERNANCE_CONTEXT,"(""guaranteed"", re.compile(r""(?i)\bguaranteed\b"")),"
src/dashboard/app_pages.py,340,guaranteed,RESOLVED_GOVERNANCE_CONTEXT,- The platform provides no regulatory or investment advice and makes no guaranteed institution-level prediction.
src/dashboard/language.py,11,failure_probability,RESOLVED_GOVERNANCE_CONTEXT,"""probability of failure"", ""failure probability"", ""probability of default"", ""will fail"","
src/dashboard/language.py,11,will_fail,RESOLVED_GOVERNANCE_CONTEXT,"""probability of failure"", ""failure probability"", ""probability of default"", ""will fail"","
src/dashboard/language.py,12,likely_to_fail,RESOLVED_GOVERNANCE_CONTEXT,"""likely to fail"", ""official camels"", ""regulatory rating"", ""safe bank"", ""unsafe bank"","
src/dashboard/language.py,12,official_camels,RESOLVED_GOVERNANCE_CONTEXT,"""likely to fail"", ""official camels"", ""regulatory rating"", ""safe bank"", ""unsafe bank"","
src/dashboard/language.py,13,guaranteed,RESOLVED_GOVERNANCE_CONTEXT,"""guaranteed"", ""predicts failure with certainty"", ""investment recommendation"","
src/public_release/demo_data.py,340,failure_probability,RESOLVED_GOVERNANCE_CONTEXT,"""description"": ""See dashboard methodology and source schema; no field is an official CAMELS rating or calibrated failure probability."","
src/public_release/demo_data.py,340,official_camels,RESOLVED_GOVERNANCE_CONTEXT,"""description"": ""See dashboard methodology and source schema; no field is an official CAMELS rating or calibrated failure probability."","
